title,text,subject,date,label
US military conducts drone strike targeting militant commander in Somalia,Officials confirmed that US Africa Command announced that a precision drone strike had killed a senior militant commander in a remote area of Somalia. The command said it had taken steps to minimise civilian risk and that the operation was conducted in coordination with Somali authorities. Further details are expected in the coming days.,world,2022-12-27,0
ALERT: New vaccine causes DNA alteration in 90% of recipients [UPDATE 40],"A viral article claims that a newly approved vaccine permanently alters human DNA in the vast majority of recipients, based on anonymous laboratory reports. Molecular biologists and regulatory agencies have stated that the claim is scientifically inaccurate and lacks any credible evidence. Share this before it gets deleted!",health,2022-07-17,1
URGENT: Authorities planning surprise internet shutdown in 48 hours [UPDATE 16],"A message circulating on social media claims that governments have secretly agreed to impose a total internet blackout to prevent the release of damaging information. No official government or telecom body has announced any such action, and the claim provides no verifiable source. Share this before it gets deleted!",tech,2023-03-24,1
WARNING: Tap water secretly laced with fertility-reducing chemical [UPDATE 27],A widely shared social media post asserts that authorities have been deliberately adding a chemical compound to municipal water supplies that reduces human fertility. No independent laboratory analysis or health authority has confirmed the presence of any such compound. Mainstream media has not reported on this story.,health,2025-11-16,1
Central bank raises interest rates by quarter-point to curb inflation (Update 2),"Data released on 2022-04-03 shows that The country's central bank raised its benchmark interest rate by twenty-five basis points at its latest policy meeting, citing persistent inflation pressures. The decision was in line with market expectations, and officials signalled that future adjustments would depend on incoming economic data.",business,2022-04-03,0
STUDY SUPPRESSED: Scientists prove that humans lived alongside dinosaurs [UPDATE 89],"A blog post claims that a scientific study demonstrating coexistence of humans and non-avian dinosaurs was retracted from journals due to pressure from establishment scientists. No such peer-reviewed study exists, and the geological record places human ancestors millions of years after the mass extinction. Independent fact-checkers have rated the claim as false.",science,2022-01-19,1
Manufacturing output grows for third consecutive quarter — Source #769,"In a statement issued recently, officials noted that Official statistics showed that manufacturing output expanded for the third quarter in a row, driven by increased demand from export markets. Economists said the trend suggested a gradual broadening of economic activity beyond the services sector. Officials said the situation would continue to be monitored.",business,2025-06-19,0
UN Security Council convenes emergency session over escalation in conflict zone [Report #1924],"Reports indicate that Council members called an emergency session to discuss the latest escalation, including attacks on civilian infrastructure. Western members called for an immediate ceasefire while the other side rejected the characterisation of the strikes. Stakeholders were invited to submit comments before the consultation deadline.",world,2026-02-13,0
"Cross-border shelling reported near Kashmir valley, residents asked to stay indoors (Update 2)",Authorities in the Kashmir valley issued a precautionary advisory after intermittent shelling was reported overnight near a forward post. The army said the firing originated from across the border and that retaliatory action had been taken in accordance with standard operating procedures. Independent analysts broadly confirmed the findings.,world,2024-03-15,0
"PROOF: The Earth is expanding by one kilometre per year, scientists admit [UPDATE 47]","A viral post claims that geologists have quietly admitted to evidence showing the planet's radius increasing at a rate of one kilometre annually, and that this fact is being concealed from the public. No peer-reviewed geological study supports the claim. No credible evidence has been provided to support the allegation.",science,2025-10-04,1
China sanctions US defence companies over Taiwan arms sale (Update 2),Data released on 2026-11-11 shows that China's foreign ministry announced targeted sanctions on several US defence manufacturers following Washington's approval of a weapons package for Taiwan. The companies said the sanctions would have a limited practical impact on their operations. Relevant authorities said the process would proceed according to established procedures.,world,2026-11-11,0
Schools pilot new curriculum designed to improve critical thinking skills — Source #769,"A group of state schools began piloting an updated curriculum framework emphasising critical analysis, evidence evaluation and structured argumentation across multiple subject areas. Early assessments showed improvements in students' ability to identify unsupported claims in written texts. Stakeholders were invited to submit comments before the consultation deadline.",politics,2025-07-25,0
URGENT: Pakistan army crosses border and takes control of Kashmir capital [UPDATE 90],"A viral message claims that Pakistani armoured columns entered Indian-administered Kashmir and seized the regional capital within hours. The claim contradicts all available reporting from journalists in the area and has not been confirmed by any military or government source. Authorities have refused to comment, fuelling speculation.",world,2023-08-27,1
Ceasefire agreement reached in prolonged regional conflict,"In a statement issued recently, officials noted that Diplomatic negotiators announced that the warring parties had agreed to a ceasefire after talks mediated by international representatives. The truce is set to take effect at midnight local time and will be monitored by a joint observer team.",world,2022-07-11,0
UN Security Council convenes emergency session over escalation in conflict zone,"Reports indicate that Council members called an emergency session to discuss the latest escalation, including attacks on civilian infrastructure. Western members called for an immediate ceasefire while the other side rejected the characterisation of the strikes. Stakeholders were invited to submit comments before the consultation deadline.",world,2026-12-25,0
"BOMBSHELL: Iran has already launched nuclear missiles toward Israel, cover-up in progress [UPDATE 10]","A social-media account claims Iran fired nuclear-armed missiles toward Israel hours ago and that a complete information blackout is hiding the fact. Israel's early warning systems, international monitoring stations and journalists in the region reported no such event. No credible evidence has been provided to support the allegation.",world,2022-10-19,1
BOMBSHELL: Ukraine war was entirely staged by NATO using crisis actors [UPDATE 86],"A conspiracy video claims that footage from the conflict in Ukraine was produced by NATO in a studio, with all casualties fabricated using professional actors. Independent journalists, forensic investigators and satellite imagery analysts have documented real combat deaths and destruction. This claim has not been independently verified.",world,2025-06-12,1
SHOCKING: 5G towers confirmed to transmit mind-altering frequencies [UPDATE 77],A viral message asserts that fifth-generation mobile networks emit specific electromagnetic frequencies designed to alter human cognitive function and increase susceptibility to suggestion. No credible scientific or engineering study has supported the allegation. Mainstream media has not reported on this story.,tech,2024-03-17,1
Pakistan and India hold ceasefire talks along Line of Control [Report #1924],"Military representatives from both countries met to discuss a renewal of the ceasefire agreement along the Line of Control. Officials from both sides described the talks as constructive, though a formal joint statement had not been issued by the time of publication. Further details are expected in the coming days.",world,2025-09-27,0
EXPOSED: Hospitals paid to falsify death certificates as COVID [UPDATE 33],"A widely circulated post claims that medical facilities receive financial incentives to list unrelated deaths as caused by a specific illness, inflating official statistics. No credible audit or investigation has substantiated the claim, and health authorities have described the allegation as unfounded. Share this before it gets deleted!",health,2023-03-08,1
"BOMBSHELL: Iran has already launched nuclear missiles toward Israel, cover-up in progress [UPDATE 53]","A social-media account claims Iran fired nuclear-armed missiles toward Israel hours ago and that a complete information blackout is hiding the fact. Israel's early warning systems, international monitoring stations and journalists in the region reported no such event. This claim has not been independently verified.",world,2022-04-15,1
National health authority recommends updated vaccine schedule for adults,Data released on 2025-08-01 shows that Public health officials revised the recommended vaccination schedule for adults to include updated boosters for several respiratory illnesses. The changes reflected new evidence about waning immunity and changes in circulating strains. Officials said the situation would continue to be monitored.,health,2025-08-01,0
United Nations calls for urgent humanitarian access to affected region — Source #769,Senior UN officials urged all parties to allow unimpeded access for relief workers after reports of food and medicine shortages in the conflict zone. Aid agencies estimated that more than two million people require immediate assistance.,world,2022-10-16,0
Astronomers detect water vapour in atmosphere of distant exoplanet,"An international team of astronomers reported the detection of water vapour in the atmosphere of a rocky exoplanet located in the habitable zone of its star. The discovery is considered an important step in the search for potentially habitable worlds, though researchers cautioned that many other conditions must be met for life to be possible. Officials said the situation would continue to be monitored.",science,2024-06-24,0
EXPLOSIVE: Ballot-counting machines pre-programmed to switch votes [UPDATE 52],"A viral post alleges that electronic voting machines used in multiple districts were pre-programmed by a foreign entity to alter results automatically. Election authorities and independent auditors found no evidence of any such programming in post-election machine inspections. Authorities have refused to comment, fuelling speculation.",politics,2025-07-15,1
China sanctions US defence companies over Taiwan arms sale [Report #1924],China's foreign ministry announced targeted sanctions on several US defence manufacturers following Washington's approval of a weapons package for Taiwan. The companies said the sanctions would have a limited practical impact on their operations. Stakeholders were invited to submit comments before the consultation deadline.,world,2023-05-15,0
Clinical trial shows promise for new treatment of drug-resistant tuberculosis [Report #1924],Officials confirmed that Preliminary results from a clinical trial involving a novel drug combination showed a significant improvement in outcomes for patients with drug-resistant tuberculosis compared with the standard treatment regimen. Researchers said a larger phase-three trial would be required to confirm the findings. Stakeholders were invited to submit comments before the consultation deadline.,health,2024-05-20,0
ALERT: Banks to freeze all accounts simultaneously next month [UPDATE 7],A post circulating widely on messaging platforms claims that a coordinated banking freeze will lock customers out of their accounts as part of a planned financial reset. No central bank or regulatory authority has announced or confirmed any such action. Share this before it gets deleted!,business,2024-09-28,1
Opposition party calls for independent inquiry into budget leaks (Update 2),The main opposition bloc has formally requested a parliamentary inquiry after financial projections were reportedly shared outside official channels ahead of the budget announcement. The ruling party denied wrongdoing and said all processes followed established procedures. Stakeholders were invited to submit comments before the consultation deadline.,politics,2023-05-02,0
Clinical trial shows promise for new treatment of drug-resistant tuberculosis — Source #769,"According to authorities, Preliminary results from a clinical trial involving a novel drug combination showed a significant improvement in outcomes for patients with drug-resistant tuberculosis compared with the standard treatment regimen. Researchers said a larger phase-three trial would be required to confirm the findings. Independent analysts broadly confirmed the findings.",health,2025-12-20,0
Researchers achieve new milestone in quantum error correction — Source #769,"Reports indicate that A research team published results demonstrating a significant reduction in error rates for quantum computations using a novel error-correction protocol. Experts described the findings as an encouraging step toward practical quantum computing, while cautioning that many engineering challenges remain. Stakeholders were invited to submit comments before the consultation deadline.",tech,2024-07-04,0
Local elections produce fragmented results across three key states [Report #1924],"In a statement issued recently, officials noted that Preliminary results from regional elections indicate that no single party secured a majority in any of the three contested states. Coalition talks are expected to begin in the coming days, with analysts predicting extended negotiations. Further details are expected in the coming days.",politics,2026-03-22,0
REVEALED: Artificial intelligence already secretly running all world governments [UPDATE 20],"A sensational article claims that a secret AI system developed by a private consortium has already assumed de facto control of decision-making in the governments of multiple major countries, with elected officials serving only as figureheads. No credible source or evidence is provided. Mainstream media has not reported on this story.",tech,2026-09-22,1
EXPOSED: Wildfires deliberately started by government using secret laser weapons [UPDATE 40],A viral video claims that visible light patterns during recent wildfires prove the fires were ignited by directed-energy weapons deployed by government forces. Fire scientists and investigators have attributed the fires to natural and accidental causes following standard forensic analysis. No credible evidence has been provided to support the allegation.,world,2025-08-15,1
Taiwan scrambles jets as Chinese aircraft cross median line,Reports indicate that Taiwan's defence ministry said it had scrambled fighter aircraft after People's Liberation Army Air Force planes crossed the informal median line dividing the Taiwan Strait. The ministry released tracking data and said the incursions were a deliberate provocation. Relevant authorities said the process would proceed according to established procedures.,world,2022-07-01,0
Astronomers detect water vapour in atmosphere of distant exoplanet — Source #769,"An international team of astronomers reported the detection of water vapour in the atmosphere of a rocky exoplanet located in the habitable zone of its star. The discovery is considered an important step in the search for potentially habitable worlds, though researchers cautioned that many other conditions must be met for life to be possible. Relevant authorities said the process would proceed according to established procedures.",science,2025-11-13,0
STUDY SUPPRESSED: Scientists prove that humans lived alongside dinosaurs [UPDATE 80],"A blog post claims that a scientific study demonstrating coexistence of humans and non-avian dinosaurs was retracted from journals due to pressure from establishment scientists. No such peer-reviewed study exists, and the geological record places human ancestors millions of years after the mass extinction. Authorities have refused to comment, fuelling speculation.",science,2023-08-03,1
ALERT: New vaccine causes DNA alteration in 90% of recipients [UPDATE 98],"A viral article claims that a newly approved vaccine permanently alters human DNA in the vast majority of recipients, based on anonymous laboratory reports. Molecular biologists and regulatory agencies have stated that the claim is scientifically inaccurate and lacks any credible evidence. Share this before it gets deleted!",health,2024-12-26,1
US aircraft carrier group enters South China Sea amid territorial tensions — Source #769,"Officials confirmed that A US Navy carrier strike group transited the South China Sea in what the Pentagon described as a routine freedom-of-navigation operation. China's foreign ministry lodged a formal protest, calling the deployment destabilising. Independent analysts broadly confirmed the findings.",world,2022-05-19,0
Opposition party calls for independent inquiry into budget leaks,The main opposition bloc has formally requested a parliamentary inquiry after financial projections were reportedly shared outside official channels ahead of the budget announcement. The ruling party denied wrongdoing and said all processes followed established procedures. Relevant authorities said the process would proceed according to established procedures.,politics,2023-04-03,0
Manufacturing output grows for third consecutive quarter — Source #769,"In a statement issued recently, officials noted that Official statistics showed that manufacturing output expanded for the third quarter in a row, driven by increased demand from export markets. Economists said the trend suggested a gradual broadening of economic activity beyond the services sector. Stakeholders were invited to submit comments before the consultation deadline.",business,2022-08-05,0
International Criminal Court issues arrest warrant for military commander,Reports indicate that The International Criminal Court issued an arrest warrant for a senior military commander accused of directing attacks on civilian populations in a conflict zone. Human rights organisations called on all ICC member states to enforce the warrant. Further details are expected in the coming days.,world,2025-07-27,0
BREAKING: Pakistan launches surprise nuclear strike on three Indian cities [UPDATE 90],"Unverified social-media posts claim that Pakistani forces have launched nuclear warheads targeting major Indian metropolitan areas. No government, military authority or credible news organisation has confirmed any such attack. Share this before it gets deleted!",world,2023-03-14,1
Physicists confirm existence of rare particle predicted by theoretical model [Report #1924],Officials confirmed that Researchers at a particle physics facility announced the experimental confirmation of a rare subatomic particle that had been predicted by theoretical models decades earlier. The finding was described as a significant validation of the standard model of particle physics.,science,2023-11-16,0
Geneticists map previously uncharted regions of the human genome (Update 2),"In a statement issued recently, officials noted that A consortium of genomic researchers published the results of a project that mapped previously sequenced regions of the human genome with greater accuracy. The improved reference sequence is expected to facilitate the identification of genetic variants associated with rare diseases. Independent analysts broadly confirmed the findings.",science,2025-06-27,0
NATO allies pledge additional air defence systems to Ukraine (Update 2),"According to authorities, Defence ministers from several NATO member states announced commitments to provide Ukraine with additional surface-to-air missile batteries. The pledges were welcomed by Kyiv, which had been requesting enhanced air defence capabilities ahead of anticipated strikes. Relevant authorities said the process would proceed according to established procedures.",world,2025-01-24,0
India deploys additional troops to Ladakh border amid standoff [Report #1924],"According to authorities, Indian defence officials confirmed the deployment of additional army units to the Ladakh border region following a confrontation with Chinese patrols at a disputed patrol point. Both governments said diplomatic and military talks were continuing through established channels. Relevant authorities said the process would proceed according to established procedures.",world,2023-03-27,0
Reforestation project restores thousands of hectares of degraded land — Source #769,A partnership between government agencies and conservation organisations has replanted trees across a significant area of previously deforested land over the past two years. Project monitors reported that native species were re-establishing themselves in restored areas. Further details are expected in the coming days.,world,2023-02-02,0
"Cross-border shelling reported near Kashmir valley, residents asked to stay indoors — Source #769","In a statement issued recently, officials noted that Authorities in the Kashmir valley issued a precautionary advisory after intermittent shelling was reported overnight near a forward post. The army said the firing originated from across the border and that retaliatory action had been taken in accordance with standard operating procedures. Officials said the situation would continue to be monitored.",world,2023-11-13,0
Pakistan and India hold ceasefire talks along Line of Control [Report #1924],"Military representatives from both countries met to discuss a renewal of the ceasefire agreement along the Line of Control. Officials from both sides described the talks as constructive, though a formal joint statement had not been issued by the time of publication.",world,2025-02-05,0
Taiwan scrambles jets as Chinese aircraft cross median line (Update 2),Reports indicate that Taiwan's defence ministry said it had scrambled fighter aircraft after People's Liberation Army Air Force planes crossed the informal median line dividing the Taiwan Strait. The ministry released tracking data and said the incursions were a deliberate provocation. Stakeholders were invited to submit comments before the consultation deadline.,world,2023-08-20,0
Physicists confirm existence of rare particle predicted by theoretical model,"In a statement issued recently, officials noted that Researchers at a particle physics facility announced the experimental confirmation of a rare subatomic particle that had been predicted by theoretical models decades earlier. The finding was described as a significant validation of the standard model of particle physics. Officials said the situation would continue to be monitored.",science,2026-05-23,0
Russia launches missile strikes on Ukrainian energy infrastructure [Report #1924],Reports indicate that Ukrainian officials reported that Russian forces launched a wave of cruise missiles targeting power substations in several regions overnight. Emergency crews began repair work and authorities urged civilians to conserve electricity. Russian defence officials did not immediately comment. Further details are expected in the coming days.,world,2024-12-15,0
Taiwan scrambles jets as Chinese aircraft cross median line — Source #769,Data released on 2024-03-13 shows that Taiwan's defence ministry said it had scrambled fighter aircraft after People's Liberation Army Air Force planes crossed the informal median line dividing the Taiwan Strait. The ministry released tracking data and said the incursions were a deliberate provocation. Further details are expected in the coming days.,world,2024-03-13,0
India deploys additional troops to Ladakh border amid standoff — Source #769,"According to authorities, Indian defence officials confirmed the deployment of additional army units to the Ladakh border region following a confrontation with Chinese patrols at a disputed patrol point. Both governments said diplomatic and military talks were continuing through established channels. Stakeholders were invited to submit comments before the consultation deadline.",world,2026-01-26,0
BREAKING: Tech giant secretly records all home conversations 24 hours a day [UPDATE 99],An anonymous post claims that a major consumer electronics company continuously records audio from all devices in every household and shares the recordings with intelligence agencies. The company denied the allegation and no independent technical analysis has confirmed the claim. Mainstream media has not reported on this story.,tech,2022-12-19,1
BREAKING: CJP protesters reportedly seize control of Supreme Court building [UPDATE 26],"A social media message claims CJP protesters physically took control of the Supreme Court premises. No credible news agency or official authority confirmed the claim, and footage presented as evidence could not be independently geolocated.",politics,2023-01-22,1
SHOCKING: CJP protest exposes secret government shutdown plan [UPDATE 6],A viral post claims the CJP protest uncovered a hidden government directive to shut down the country's legal system within 72 hours. The post provides no verifiable evidence and asks users to share immediately before it is supposedly removed by authorities. Mainstream media has not reported on this story.,politics,2025-06-06,1
Gaza ceasefire collapses as rocket fire resumes across border (Update 2),"A mediated ceasefire broke down after rockets were fired from Gaza toward Israeli towns, prompting retaliatory air strikes. Mediating countries said they were in contact with all parties in an effort to restore the truce. Independent analysts broadly confirmed the findings.",world,2022-02-08,0
Schools pilot new curriculum designed to improve critical thinking skills (Update 2),"In a statement issued recently, officials noted that A group of state schools began piloting an updated curriculum framework emphasising critical analysis, evidence evaluation and structured argumentation across multiple subject areas. Early assessments showed improvements in students' ability to identify unsupported claims in written texts. Stakeholders were invited to submit comments before the consultation deadline.",politics,2024-02-01,0
National health authority recommends updated vaccine schedule for adults — Source #769,Data released on 2025-10-03 shows that Public health officials revised the recommended vaccination schedule for adults to include updated boosters for several respiratory illnesses. The changes reflected new evidence about waning immunity and changes in circulating strains. Independent analysts broadly confirmed the findings.,health,2025-10-03,0
SHOCKING: China and Russia sign secret pact to simultaneously attack US allies [UPDATE 13],A blog post claims to have obtained a classified treaty in which China and Russia agreed to launch coordinated military strikes against US-allied nations on a pre-set date. Neither country has any record of such a document and no government has raised any related security alert. This claim has not been independently verified.,world,2023-10-22,1
Geneticists map previously uncharted regions of the human genome,Reports indicate that A consortium of genomic researchers published the results of a project that mapped previously sequenced regions of the human genome with greater accuracy. The improved reference sequence is expected to facilitate the identification of genetic variants associated with rare diseases. Relevant authorities said the process would proceed according to established procedures.,science,2026-10-01,0
Clinical trial shows promise for new treatment of drug-resistant tuberculosis,"In a statement issued recently, officials noted that Preliminary results from a clinical trial involving a novel drug combination showed a significant improvement in outcomes for patients with drug-resistant tuberculosis compared with the standard treatment regimen. Researchers said a larger phase-three trial would be required to confirm the findings.",health,2023-06-28,0
"Ukraine retakes village in eastern offensive, fighting continues","In a statement issued recently, officials noted that Ukrainian military commanders reported that troops had recaptured a village in the east after several days of intense combat. Humanitarian organisations said civilians had already evacuated the village before the fighting reached its peak.",world,2023-01-09,0
NATO increases troop presence in eastern Europe following security review [Report #1924],"According to authorities, Alliance defence ministers agreed to reinforce NATO's eastern flank with additional battle groups following a security assessment. Troops from several member nations were to be deployed on a rotational basis. Independent analysts broadly confirmed the findings.",world,2025-02-16,0
Government launches infrastructure investment fund for rural connectivity — Source #769,Officials announced the establishment of a dedicated fund to finance broadband and transport infrastructure in underserved rural areas. The programme is expected to be implemented over a five-year period through a combination of public grants and private co-investment.,business,2023-10-09,0
EXPOSED: Wildfires deliberately started by government using secret laser weapons [UPDATE 36],A viral video claims that visible light patterns during recent wildfires prove the fires were ignited by directed-energy weapons deployed by government forces. Fire scientists and investigators have attributed the fires to natural and accidental causes following standard forensic analysis. Independent fact-checkers have rated the claim as false.,world,2024-11-11,1
Israeli air strikes target weapons depots in southern Lebanon,The Israeli Defence Forces confirmed a series of air strikes on what it described as weapons storage facilities in southern Lebanon. The operation followed a cross-border rocket attack the previous day. Independent analysts broadly confirmed the findings.,world,2025-11-26,0
Senate committee approves judicial appointments after lengthy review [Report #1924],Reports indicate that A Senate committee voted to approve the nomination of three appellate judges following hearings that examined their judicial records. Legal observers noted that the appointments could influence the interpretation of constitutional law for the next decade.,politics,2023-07-11,0
SHOCK CLAIM: Global elite held secret meeting to plan population reduction [UPDATE 55],"A viral post alleges that billionaires and heads of state convened in a private location to discuss a coordinated plan to reduce the world population through engineered food shortages and engineered pandemics. The post provides no authenticated evidence for this sweeping claim. Authorities have refused to comment, fuelling speculation.",world,2023-10-14,1
URGENT: Authorities planning surprise internet shutdown in 48 hours [UPDATE 88],"A message circulating on social media claims that governments have secretly agreed to impose a total internet blackout to prevent the release of damaging information. No official government or telecom body has announced any such action, and the claim provides no verifiable source. Share this before it gets deleted!",tech,2026-07-07,1
India deploys additional troops to Ladakh border amid standoff — Source #769,Data released on 2025-03-10 shows that Indian defence officials confirmed the deployment of additional army units to the Ladakh border region following a confrontation with Chinese patrols at a disputed patrol point. Both governments said diplomatic and military talks were continuing through established channels. Officials said the situation would continue to be monitored.,world,2025-03-10,0
SHOCK CLAIM: Global elite held secret meeting to plan population reduction [UPDATE 72],A viral post alleges that billionaires and heads of state convened in a private location to discuss a coordinated plan to reduce the world population through engineered food shortages and engineered pandemics. The post provides no authenticated evidence for this sweeping claim. No credible evidence has been provided to support the allegation.,world,2025-11-02,1
"BOMBSHELL: Iran has already launched nuclear missiles toward Israel, cover-up in progress [UPDATE 5]","A social-media account claims Iran fired nuclear-armed missiles toward Israel hours ago and that a complete information blackout is hiding the fact. Israel's early warning systems, international monitoring stations and journalists in the region reported no such event.",world,2023-03-15,1
URGENT: World War III officially started 2 hours ago — governments hiding it [UPDATE 22],"A message spreading rapidly across platforms claims that a coordinated military confrontation involving multiple nuclear powers began hours ago and is being concealed by a global media agreement. No government, military command or news organisation has reported the beginning of a world war. Independent fact-checkers have rated the claim as false.",world,2024-09-10,1
STUDY SUPPRESSED: Scientists prove that humans lived alongside dinosaurs [UPDATE 21],"A blog post claims that a scientific study demonstrating coexistence of humans and non-avian dinosaurs was retracted from journals due to pressure from establishment scientists. No such peer-reviewed study exists, and the geological record places human ancestors millions of years after the mass extinction. Share this before it gets deleted!",science,2022-03-19,1
SHOCKING: Gold secretly removed from all national reserves years ago [UPDATE 56],"A conspiracy article asserts that the gold held in major national reserves was secretly replaced with gold-plated tungsten bars decades ago and that the true reserves are now empty. Independent audits conducted at multiple reserve facilities have not confirmed this claim. Authorities have refused to comment, fuelling speculation.",business,2024-07-25,1
Nepal floods were secretly caused by a weather-control machine [UPDATE 85],"A widely shared message asserts that cloud-seeding technology was deliberately weaponised to trigger the devastating floods in Nepal. No meteorological or governmental body has presented evidence for the claim, and atmospheric scientists described it as without scientific basis. Share this before it gets deleted!",world,2024-02-04,1
URGENT: World War III officially started 2 hours ago — governments hiding it [UPDATE 73],"A message spreading rapidly across platforms claims that a coordinated military confrontation involving multiple nuclear powers began hours ago and is being concealed by a global media agreement. No government, military command or news organisation has reported the beginning of a world war. This claim has not been independently verified.",world,2024-12-19,1
"Earthquake strikes coastal region, rescue teams deployed [Report #1924]","A moderate earthquake struck a coastal area, prompting authorities to deploy search-and-rescue teams to affected districts. Preliminary assessments indicated structural damage to hundreds of buildings, and officials asked residents in vulnerable areas to remain cautious. Independent analysts broadly confirmed the findings.",world,2026-10-01,0
South Korea and US begin joint military exercises despite North Korean warnings [Report #1924],"In a statement issued recently, officials noted that Annual combined military exercises between South Korean and US forces commenced as scheduled despite warnings from North Korea that the drills were a provocation. The two allies described the exercises as defensive in nature.",world,2026-03-02,0
BREAKING: Climate change data entirely fabricated by UN scientists [UPDATE 12],"A blog post claims that leaked emails prove that United Nations climate researchers invented temperature records to support a predetermined political agenda. The emails referenced were investigated and found to have been misrepresented, and multiple independent analyses have reproduced the warming trends using raw data. Authorities have refused to comment, fuelling speculation.",science,2025-10-09,1
BOMBSHELL: Senior official secretly working for foreign intelligence service [UPDATE 93],"An anonymous online account claims to have evidence that a named senior government official is a long-running covert agent for a foreign power. The claim rests entirely on unverified screenshots and anonymous testimony, and no law enforcement body has opened a related investigation. This claim has not been independently verified.",politics,2022-05-04,1
BOMBSHELL: World governments planning secret currency replacement by next year [UPDATE 68],"A viral post claims that a secretive group of central banks is coordinating a surprise elimination of paper currency to be replaced by a trackable digital token. The post relies on unnamed insiders and unverified documents, and no central bank has confirmed any such plan. Mainstream media has not reported on this story.",politics,2024-01-26,1
India deploys additional troops to Ladakh border amid standoff (Update 2),Indian defence officials confirmed the deployment of additional army units to the Ladakh border region following a confrontation with Chinese patrols at a disputed patrol point. Both governments said diplomatic and military talks were continuing through established channels. Relevant authorities said the process would proceed according to established procedures.,world,2025-10-23,0
BOMBSHELL: World governments planning secret currency replacement by next year [UPDATE 17],"A viral post claims that a secretive group of central banks is coordinating a surprise elimination of paper currency to be replaced by a trackable digital token. The post relies on unnamed insiders and unverified documents, and no central bank has confirmed any such plan. Mainstream media has not reported on this story.",politics,2022-04-21,1
URGENT: Government knew Nepal disaster was coming and deliberately withheld warning [UPDATE 15],An online post claims government authorities possessed advance satellite data predicting the exact timing and severity of the Nepal floods but chose to suppress the information. The allegation provides no authenticated documentary evidence.,world,2024-11-19,1
US military conducts drone strike targeting militant commander in Somalia [Report #1924],"According to authorities, US Africa Command announced that a precision drone strike had killed a senior militant commander in a remote area of Somalia. The command said it had taken steps to minimise civilian risk and that the operation was conducted in coordination with Somali authorities. Officials said the situation would continue to be monitored.",world,2024-01-01,0
BREAKING: Tech giant secretly records all home conversations 24 hours a day [UPDATE 21],An anonymous post claims that a major consumer electronics company continuously records audio from all devices in every household and shares the recordings with intelligence agencies. The company denied the allegation and no independent technical analysis has confirmed the claim. Share this before it gets deleted!,tech,2026-02-26,1
US imposes new sanctions on entities supplying weapons to Russia (Update 2),The US Treasury Department designated several companies for providing dual-use technology to Russian military procurement networks. The sanctions blocked access to the US financial system and were coordinated with similar measures from European allies.,world,2025-11-06,0
Hospitals report improvements in patient outcomes after surgical checklist adoption — Source #769,"In a statement issued recently, officials noted that A multi-hospital review found measurable reductions in post-surgical complications at facilities that had adopted standardised pre-operative checklists over the preceding three years. The findings supported broader implementation of the protocol. Stakeholders were invited to submit comments before the consultation deadline.",health,2025-08-25,0
"BREAKING: Pakistan nukes USA — entire west coast destroyed, news blackout active [UPDATE 54]","A viral message claims Pakistan launched nuclear-armed intercontinental ballistic missiles that have already struck the US west coast. Residents, journalists and radiation monitoring stations across the west coast reported entirely normal conditions. Independent fact-checkers have rated the claim as false.",world,2026-10-17,1
NATO increases troop presence in eastern Europe following security review,"According to authorities, Alliance defence ministers agreed to reinforce NATO's eastern flank with additional battle groups following a security assessment. Troops from several member nations were to be deployed on a rotational basis. Relevant authorities said the process would proceed according to established procedures.",world,2026-03-10,0
BREAKING: NATO secretly moves nuclear weapons to border — attack on Russia imminent [UPDATE 99],An anonymous account alleges that NATO has secretly relocated tactical nuclear weapons to bases within kilometres of the Russian border as a prelude to a surprise strike. Neither NATO nor any member government has confirmed any such redeployment. Mainstream media has not reported on this story.,world,2022-10-19,1
STUDY SUPPRESSED: Scientists prove that humans lived alongside dinosaurs [UPDATE 41],"A blog post claims that a scientific study demonstrating coexistence of humans and non-avian dinosaurs was retracted from journals due to pressure from establishment scientists. No such peer-reviewed study exists, and the geological record places human ancestors millions of years after the mass extinction. Authorities have refused to comment, fuelling speculation.",science,2022-10-13,1
BREAKING: Nuclear explosion detected in major city — radiation spreading [UPDATE 1],"A post claims that sensors have detected a nuclear detonation in a major metropolitan area and that radiation clouds are drifting across neighbouring countries. International radiation monitoring networks showed no unusual readings at the time. Authorities have refused to comment, fuelling speculation.",world,2022-06-08,1
SHOCKING: Gold secretly removed from all national reserves years ago [UPDATE 33],"A conspiracy article asserts that the gold held in major national reserves was secretly replaced with gold-plated tungsten bars decades ago and that the true reserves are now empty. Independent audits conducted at multiple reserve facilities have not confirmed this claim. Authorities have refused to comment, fuelling speculation.",business,2026-01-01,1
BREAKING: Climate change data entirely fabricated by UN scientists [UPDATE 58],"A blog post claims that leaked emails prove that United Nations climate researchers invented temperature records to support a predetermined political agenda. The emails referenced were investigated and found to have been misrepresented, and multiple independent analyses have reproduced the warming trends using raw data. No credible evidence has been provided to support the allegation.",science,2023-03-09,1
Schools pilot new curriculum designed to improve critical thinking skills (Update 2),"Data released on 2024-08-20 shows that A group of state schools began piloting an updated curriculum framework emphasising critical analysis, evidence evaluation and structured argumentation across multiple subject areas. Early assessments showed improvements in students' ability to identify unsupported claims in written texts. Officials said the situation would continue to be monitored.",politics,2024-08-20,0
Marine biologists document decline in coral reef biodiversity (Update 2),A long-term study of reef ecosystems in multiple ocean regions found a measurable decline in the diversity of coral species over a fifteen-year monitoring period. Rising sea temperatures and ocean acidification were identified as the principal contributing factors. Independent analysts broadly confirmed the findings.,science,2025-05-27,0
"Indian Army reports exchange of fire at northern border, no casualties confirmed [Report #1924]",A defence ministry spokesperson said troops exchanged small-arms fire with an armed group that crossed the northern frontier. The situation had been contained and an investigation was under way. No soldier fatalities were reported in the initial statement. Further details are expected in the coming days.,world,2025-08-02,0
BOMBSHELL: Senior official secretly working for foreign intelligence service [UPDATE 4],"An anonymous online account claims to have evidence that a named senior government official is a long-running covert agent for a foreign power. The claim rests entirely on unverified screenshots and anonymous testimony, and no law enforcement body has opened a related investigation.",politics,2025-01-17,1
BREAKING: CJP protesters reportedly seize control of Supreme Court building [UPDATE 17],"A social media message claims CJP protesters physically took control of the Supreme Court premises. No credible news agency or official authority confirmed the claim, and footage presented as evidence could not be independently geolocated. No credible evidence has been provided to support the allegation.",politics,2024-12-23,1
LEAKED: Government secretly microchipping citizens through flu vaccines [UPDATE 85],An anonymous whistleblower has allegedly published internal documents claiming that microscopic tracking chips are embedded in seasonal flu vaccine doses. The documents have not been independently verified and no credible scientific body has endorsed the claim.,health,2024-07-22,1
BREAKING: Secret underground tunnels discovered beneath major world capitals [UPDATE 62],A conspiracy blog asserts that satellite imagery proves the existence of a vast network of underground tunnels linking the governmental centres of several countries. Independent geospatial analysts found no evidence to support the claim in publicly available imagery. Share this before it gets deleted!,world,2023-02-14,1
Pakistan test-fires medium-range ballistic missile in routine exercise,Data released on 2024-09-15 shows that Pakistan's military announced the successful test launch of a medium-range ballistic missile capable of carrying conventional warheads. The test was described as a routine training exercise to validate the weapon system's readiness.,world,2024-09-15,0
SHOCKING: CJP protest exposes secret government shutdown plan [UPDATE 75],"A viral post claims the CJP protest uncovered a hidden government directive to shut down the country's legal system within 72 hours. The post provides no verifiable evidence and asks users to share immediately before it is supposedly removed by authorities. Authorities have refused to comment, fuelling speculation.",politics,2022-03-14,1
EXPOSED: Hospitals paid to falsify death certificates as COVID [UPDATE 54],"A widely circulated post claims that medical facilities receive financial incentives to list unrelated deaths as caused by a specific illness, inflating official statistics. No credible audit or investigation has substantiated the claim, and health authorities have described the allegation as unfounded. No credible evidence has been provided to support the allegation.",health,2023-11-26,1
South Korea and US begin joint military exercises despite North Korean warnings — Source #769,Annual combined military exercises between South Korean and US forces commenced as scheduled despite warnings from North Korea that the drills were a provocation. The two allies described the exercises as defensive in nature.,world,2024-07-05,0
SECRET MEMO: Government to declare martial law and seize private assets [UPDATE 99],"An allegedly leaked internal memo supposedly shows plans for an imminent declaration of martial law and mass confiscation of private property. Neither the document's origin nor its authenticity has been established, and government officials have denied any such plan exists. Independent fact-checkers have rated the claim as false.",politics,2025-09-01,1
South Korea and US begin joint military exercises despite North Korean warnings,Data released on 2023-08-26 shows that Annual combined military exercises between South Korean and US forces commenced as scheduled despite warnings from North Korea that the drills were a provocation. The two allies described the exercises as defensive in nature. Officials said the situation would continue to be monitored.,world,2023-08-26,0
URGENT: China attacks USA — invades California beaches with 2 million troops [UPDATE 74],"A widely shared post claims that Chinese landing craft arrived on Californian beaches overnight carrying two million soldiers and that the US military has been ordered to stand down. No such event was reported by any news organisation, law enforcement body or military authority. Share this before it gets deleted!",world,2022-09-19,1
Clinical trial shows promise for new treatment of drug-resistant tuberculosis (Update 2),Preliminary results from a clinical trial involving a novel drug combination showed a significant improvement in outcomes for patients with drug-resistant tuberculosis compared with the standard treatment regimen. Researchers said a larger phase-three trial would be required to confirm the findings. Further details are expected in the coming days.,health,2024-01-16,0
EXPOSED: China planted bombs in US infrastructure set to detonate simultaneously [UPDATE 21],"An anonymous whistleblower allegedly claims that Chinese operatives embedded explosive devices in American power grids a decade ago, awaiting a remote detonation signal. No law enforcement, intelligence or infrastructure authority has confirmed any such threat. Authorities have refused to comment, fuelling speculation.",world,2025-09-11,1
Ceasefire agreement reached in prolonged regional conflict (Update 2),Diplomatic negotiators announced that the warring parties had agreed to a ceasefire after talks mediated by international representatives. The truce is set to take effect at midnight local time and will be monitored by a joint observer team. Stakeholders were invited to submit comments before the consultation deadline.,world,2026-05-23,0
China conducts live-fire naval exercises near Taiwan Strait,China's People's Liberation Army Navy announced the completion of live-fire exercises in waters near the Taiwan Strait. Taiwan's defence ministry said it had monitored the drills closely and that its forces remained on heightened alert. Relevant authorities said the process would proceed according to established procedures.,world,2023-11-09,0
South Korea and US begin joint military exercises despite North Korean warnings — Source #769,Officials confirmed that Annual combined military exercises between South Korean and US forces commenced as scheduled despite warnings from North Korea that the drills were a provocation. The two allies described the exercises as defensive in nature. Officials said the situation would continue to be monitored.,world,2026-11-27,0
EXPOSED: Wildfires deliberately started by government using secret laser weapons [UPDATE 20],A viral video claims that visible light patterns during recent wildfires prove the fires were ignited by directed-energy weapons deployed by government forces. Fire scientists and investigators have attributed the fires to natural and accidental causes following standard forensic analysis.,world,2025-12-05,1
"BOMBSHELL: Iran has already launched nuclear missiles toward Israel, cover-up in progress [UPDATE 10]","A social-media account claims Iran fired nuclear-armed missiles toward Israel hours ago and that a complete information blackout is hiding the fact. Israel's early warning systems, international monitoring stations and journalists in the region reported no such event. Authorities have refused to comment, fuelling speculation.",world,2025-06-19,1
Gaza ceasefire collapses as rocket fire resumes across border,"In a statement issued recently, officials noted that A mediated ceasefire broke down after rockets were fired from Gaza toward Israeli towns, prompting retaliatory air strikes. Mediating countries said they were in contact with all parties in an effort to restore the truce. Further details are expected in the coming days.",world,2025-02-26,0
Clinical trial shows promise for new treatment of drug-resistant tuberculosis,Preliminary results from a clinical trial involving a novel drug combination showed a significant improvement in outcomes for patients with drug-resistant tuberculosis compared with the standard treatment regimen. Researchers said a larger phase-three trial would be required to confirm the findings. Relevant authorities said the process would proceed according to established procedures.,health,2023-03-16,0
DOCTORS HIDE THIS: Common spice cures cancer in three days [UPDATE 95],"An online article claims that a popular kitchen spice has been proven to eliminate all forms of cancer within seventy-two hours of daily consumption, and that pharmaceutical companies have suppressed the discovery. No clinical evidence supports the claim, and oncologists have described it as dangerous misinformation. No credible evidence has been provided to support the allegation.",health,2026-11-27,1
BREAKING: CJP protesters reportedly seize control of Supreme Court building [UPDATE 94],"A social media message claims CJP protesters physically took control of the Supreme Court premises. No credible news agency or official authority confirmed the claim, and footage presented as evidence could not be independently geolocated. Authorities have refused to comment, fuelling speculation.",politics,2024-06-06,1
India deploys additional troops to Ladakh border amid standoff,Data released on 2024-07-15 shows that Indian defence officials confirmed the deployment of additional army units to the Ladakh border region following a confrontation with Chinese patrols at a disputed patrol point. Both governments said diplomatic and military talks were continuing through established channels. Independent analysts broadly confirmed the findings.,world,2024-07-15,0
SHOCK: Pakistan fires ballistic missiles at Delhi — government hiding casualties [UPDATE 82],"A widely shared post alleges that multiple ballistic missiles struck the outskirts of the Indian capital and that casualty figures are being suppressed by both governments. Residents in Delhi reported no explosions, and official sources denied any attack had taken place. No credible evidence has been provided to support the allegation.",world,2024-11-06,1
Hospitals report improvements in patient outcomes after surgical checklist adoption [Report #1924],A multi-hospital review found measurable reductions in post-surgical complications at facilities that had adopted standardised pre-operative checklists over the preceding three years. The findings supported broader implementation of the protocol.,health,2025-02-01,0
Parliament approves landmark pension reform bill,Lawmakers voted to pass a sweeping pension reform package after months of debate. The bill adjusts retirement age thresholds and increases contribution rates for high-income earners. Analysts say the changes are designed to stabilise long-term public finances. Relevant authorities said the process would proceed according to established procedures.,politics,2024-09-25,0
Reforestation project restores thousands of hectares of degraded land — Source #769,"In a statement issued recently, officials noted that A partnership between government agencies and conservation organisations has replanted trees across a significant area of previously deforested land over the past two years. Project monitors reported that native species were re-establishing themselves in restored areas.",world,2026-09-16,0
Mental health researchers call for expanded access to talking therapies [Report #1924],"In a statement issued recently, officials noted that A review of mental health provision in several countries found that access to evidence-based psychological therapies remained limited, particularly in rural areas. Researchers recommended increased funding for community-based services and digital-delivery platforms.",health,2024-06-07,0
North Korea fires ballistic missile toward Sea of Japan,"According to authorities, South Korea's Joint Chiefs of Staff detected the launch of a ballistic missile from North Korean territory that fell into the Sea of Japan. The US condemned the launch as a violation of UN resolutions. Officials said the situation would continue to be monitored.",world,2024-06-18,0
US military conducts drone strike targeting militant commander in Somalia,US Africa Command announced that a precision drone strike had killed a senior militant commander in a remote area of Somalia. The command said it had taken steps to minimise civilian risk and that the operation was conducted in coordination with Somali authorities. Relevant authorities said the process would proceed according to established procedures.,world,2024-10-20,0
BREAKING: Nuclear explosion detected in major city — radiation spreading [UPDATE 64],"A post claims that sensors have detected a nuclear detonation in a major metropolitan area and that radiation clouds are drifting across neighbouring countries. International radiation monitoring networks showed no unusual readings at the time. Authorities have refused to comment, fuelling speculation.",world,2023-12-01,1
SHOCK CLAIM: Global elite held secret meeting to plan population reduction [UPDATE 51],A viral post alleges that billionaires and heads of state convened in a private location to discuss a coordinated plan to reduce the world population through engineered food shortages and engineered pandemics. The post provides no authenticated evidence for this sweeping claim. Independent fact-checkers have rated the claim as false.,world,2023-01-09,1
BREAKING: Pakistan launches surprise nuclear strike on three Indian cities [UPDATE 29],"Unverified social-media posts claim that Pakistani forces have launched nuclear warheads targeting major Indian metropolitan areas. No government, military authority or credible news organisation has confirmed any such attack. Authorities have refused to comment, fuelling speculation.",world,2022-02-25,1
BREAKING: Tech giant secretly records all home conversations 24 hours a day [UPDATE 16],"An anonymous post claims that a major consumer electronics company continuously records audio from all devices in every household and shares the recordings with intelligence agencies. The company denied the allegation and no independent technical analysis has confirmed the claim. Authorities have refused to comment, fuelling speculation.",tech,2023-06-20,1
SHOCKING: CJP protest exposes secret government shutdown plan [UPDATE 43],A viral post claims the CJP protest uncovered a hidden government directive to shut down the country's legal system within 72 hours. The post provides no verifiable evidence and asks users to share immediately before it is supposedly removed by authorities.,politics,2025-12-26,1
Paleontologists uncover fossilised remains of previously unknown dinosaur species,Officials confirmed that A team of paleontologists announced the discovery of fossilised skeletal remains belonging to a previously undescribed dinosaur species from the Late Cretaceous period. The specimen revealed distinctive anatomical features that had not been observed in related species. Stakeholders were invited to submit comments before the consultation deadline.,science,2025-02-18,0
Gaza ceasefire collapses as rocket fire resumes across border — Source #769,"A mediated ceasefire broke down after rockets were fired from Gaza toward Israeli towns, prompting retaliatory air strikes. Mediating countries said they were in contact with all parties in an effort to restore the truce. Further details are expected in the coming days.",world,2026-09-04,0
Iran seizes commercial tanker in Strait of Hormuz over alleged violation — Source #769,"Reports indicate that Iran's Revolutionary Guard Corps announced the seizure of a commercial oil tanker, citing what it described as a maritime law violation. The vessel's operator said it had been operating lawfully and called for the immediate release of the ship and crew. Stakeholders were invited to submit comments before the consultation deadline.",world,2022-11-08,0
URGENT: World War III officially started 2 hours ago — governments hiding it [UPDATE 39],"A message spreading rapidly across platforms claims that a coordinated military confrontation involving multiple nuclear powers began hours ago and is being concealed by a global media agreement. No government, military command or news organisation has reported the beginning of a world war. No credible evidence has been provided to support the allegation.",world,2025-10-04,1
BREAKING: CJP protesters reportedly seize control of Supreme Court building [UPDATE 34],"A social media message claims CJP protesters physically took control of the Supreme Court premises. No credible news agency or official authority confirmed the claim, and footage presented as evidence could not be independently geolocated. Share this before it gets deleted!",politics,2022-07-09,1
US aircraft carrier group enters South China Sea amid territorial tensions,"A US Navy carrier strike group transited the South China Sea in what the Pentagon described as a routine freedom-of-navigation operation. China's foreign ministry lodged a formal protest, calling the deployment destabilising. Stakeholders were invited to submit comments before the consultation deadline.",world,2024-03-13,0
BREAKING: Pakistan launches surprise nuclear strike on three Indian cities [UPDATE 25],"Unverified social-media posts claim that Pakistani forces have launched nuclear warheads targeting major Indian metropolitan areas. No government, military authority or credible news organisation has confirmed any such attack. Mainstream media has not reported on this story.",world,2024-12-20,1
EXPOSED: Moon landing footage was filmed in an Arizona desert studio [UPDATE 80],"A long-circulating conspiracy claim re-emerged, alleging that behind-the-scenes photographs prove that footage from a historic lunar mission was produced in a secret terrestrial studio. The photographic evidence presented has been repeatedly debunked by independent analysts and former space agency employees. Independent fact-checkers have rated the claim as false.",science,2025-06-18,1
BREAKING: Pakistan launches surprise nuclear strike on three Indian cities [UPDATE 63],"Unverified social-media posts claim that Pakistani forces have launched nuclear warheads targeting major Indian metropolitan areas. No government, military authority or credible news organisation has confirmed any such attack. Authorities have refused to comment, fuelling speculation.",world,2026-05-18,1
EXPOSED: Hospitals paid to falsify death certificates as COVID [UPDATE 32],"A widely circulated post claims that medical facilities receive financial incentives to list unrelated deaths as caused by a specific illness, inflating official statistics. No credible audit or investigation has substantiated the claim, and health authorities have described the allegation as unfounded. Share this before it gets deleted!",health,2022-10-20,1
Paleontologists uncover fossilised remains of previously unknown dinosaur species — Source #769,Officials confirmed that A team of paleontologists announced the discovery of fossilised skeletal remains belonging to a previously undescribed dinosaur species from the Late Cretaceous period. The specimen revealed distinctive anatomical features that had not been observed in related species. Independent analysts broadly confirmed the findings.,science,2024-04-13,0
BOMBSHELL: Senior official secretly working for foreign intelligence service [UPDATE 72],"An anonymous online account claims to have evidence that a named senior government official is a long-running covert agent for a foreign power. The claim rests entirely on unverified screenshots and anonymous testimony, and no law enforcement body has opened a related investigation. Mainstream media has not reported on this story.",politics,2023-10-17,1
BREAKING: Tech giant secretly records all home conversations 24 hours a day [UPDATE 81],An anonymous post claims that a major consumer electronics company continuously records audio from all devices in every household and shares the recordings with intelligence agencies. The company denied the allegation and no independent technical analysis has confirmed the claim. Independent fact-checkers have rated the claim as false.,tech,2025-08-05,1
SHOCK: Pakistan fires ballistic missiles at Delhi — government hiding casualties [UPDATE 42],"A widely shared post alleges that multiple ballistic missiles struck the outskirts of the Indian capital and that casualty figures are being suppressed by both governments. Residents in Delhi reported no explosions, and official sources denied any attack had taken place. No credible evidence has been provided to support the allegation.",world,2026-03-20,1
BOMBSHELL: Senior official secretly working for foreign intelligence service [UPDATE 4],"An anonymous online account claims to have evidence that a named senior government official is a long-running covert agent for a foreign power. The claim rests entirely on unverified screenshots and anonymous testimony, and no law enforcement body has opened a related investigation.",politics,2026-08-07,1
Prime minister outlines new anti-corruption measures (Update 2),Officials confirmed that The head of government announced a package of legislative reforms aimed at improving transparency in public procurement. Independent watchdog groups cautiously welcomed the announcement while calling for stronger enforcement mechanisms. Stakeholders were invited to submit comments before the consultation deadline.,politics,2026-04-03,0
SHOCK: Pakistan fires ballistic missiles at Delhi — government hiding casualties [UPDATE 23],"A widely shared post alleges that multiple ballistic missiles struck the outskirts of the Indian capital and that casualty figures are being suppressed by both governments. Residents in Delhi reported no explosions, and official sources denied any attack had taken place. Mainstream media has not reported on this story.",world,2022-07-22,1
Local elections produce fragmented results across three key states [Report #1924],"Preliminary results from regional elections indicate that no single party secured a majority in any of the three contested states. Coalition talks are expected to begin in the coming days, with analysts predicting extended negotiations.",politics,2026-06-24,0
SHOCKING: US military planning false flag attack to start World War III [UPDATE 36],"A viral post claims that senior Pentagon officials have approved a false flag operation designed to be blamed on a rival power, providing justification for a global war. The post cites no verifiable documents and no credible journalism has substantiated the allegation. Independent fact-checkers have rated the claim as false.",world,2024-08-19,1
Pakistan and India hold ceasefire talks along Line of Control,"Military representatives from both countries met to discuss a renewal of the ceasefire agreement along the Line of Control. Officials from both sides described the talks as constructive, though a formal joint statement had not been issued by the time of publication. Further details are expected in the coming days.",world,2026-10-07,0
Parliament approves landmark pension reform bill,Officials confirmed that Lawmakers voted to pass a sweeping pension reform package after months of debate. The bill adjusts retirement age thresholds and increases contribution rates for high-income earners. Analysts say the changes are designed to stabilise long-term public finances.,politics,2025-03-27,0
BREAKING: NATO triggers Article 5 — all member nations now at war with Russia [UPDATE 66],"A viral claim asserts that NATO secretly invoked Article 5 collective defence and that all member nations are now in a state of declared war. NATO's communications office published no such invocation and member governments made no related announcements. Authorities have refused to comment, fuelling speculation.",world,2024-04-14,1
Iran-backed groups claim rocket attack on US base in Iraq (Update 2),"Reports indicate that A group describing itself as Iran-backed claimed responsibility for a rocket attack on a base housing US personnel in Iraq. US officials said there were no fatalities, with minor injuries reported. Stakeholders were invited to submit comments before the consultation deadline.",world,2026-02-09,0
Pakistan test-fires medium-range ballistic missile in routine exercise,Pakistan's military announced the successful test launch of a medium-range ballistic missile capable of carrying conventional warheads. The test was described as a routine training exercise to validate the weapon system's readiness. Further details are expected in the coming days.,world,2025-10-03,0
US military conducts drone strike targeting militant commander in Somalia,Officials confirmed that US Africa Command announced that a precision drone strike had killed a senior militant commander in a remote area of Somalia. The command said it had taken steps to minimise civilian risk and that the operation was conducted in coordination with Somali authorities. Further details are expected in the coming days.,world,2024-05-05,0
Reforestation project restores thousands of hectares of degraded land,A partnership between government agencies and conservation organisations has replanted trees across a significant area of previously deforested land over the past two years. Project monitors reported that native species were re-establishing themselves in restored areas.,world,2024-05-16,0
Universities report rising enrolment in science and engineering programmes,"Higher education data showed an increase in the number of students enrolling in science, technology, engineering and mathematics degree programmes over the past three academic years. Institutions attributed the trend partly to government scholarship initiatives and growing demand for STEM skills in the labour market. Further details are expected in the coming days.",tech,2024-12-28,0
Astronomers detect water vapour in atmosphere of distant exoplanet,"An international team of astronomers reported the detection of water vapour in the atmosphere of a rocky exoplanet located in the habitable zone of its star. The discovery is considered an important step in the search for potentially habitable worlds, though researchers cautioned that many other conditions must be met for life to be possible. Independent analysts broadly confirmed the findings.",science,2023-09-15,0
China conducts live-fire naval exercises near Taiwan Strait,China's People's Liberation Army Navy announced the completion of live-fire exercises in waters near the Taiwan Strait. Taiwan's defence ministry said it had monitored the drills closely and that its forces remained on heightened alert. Independent analysts broadly confirmed the findings.,world,2022-07-28,0
URGENT: World War III officially started 2 hours ago — governments hiding it [UPDATE 1],"A message spreading rapidly across platforms claims that a coordinated military confrontation involving multiple nuclear powers began hours ago and is being concealed by a global media agreement. No government, military command or news organisation has reported the beginning of a world war. Mainstream media has not reported on this story.",world,2026-09-05,1
Russia launches missile strikes on Ukrainian energy infrastructure,Ukrainian officials reported that Russian forces launched a wave of cruise missiles targeting power substations in several regions overnight. Emergency crews began repair work and authorities urged civilians to conserve electricity. Russian defence officials did not immediately comment. Officials said the situation would continue to be monitored.,world,2026-02-17,0
Central bank raises interest rates by quarter-point to curb inflation — Source #769,"According to authorities, The country's central bank raised its benchmark interest rate by twenty-five basis points at its latest policy meeting, citing persistent inflation pressures. The decision was in line with market expectations, and officials signalled that future adjustments would depend on incoming economic data. Independent analysts broadly confirmed the findings.",business,2025-01-12,0
BREAKING: Pakistan launches surprise nuclear strike on three Indian cities [UPDATE 2],"Unverified social-media posts claim that Pakistani forces have launched nuclear warheads targeting major Indian metropolitan areas. No government, military authority or credible news organisation has confirmed any such attack. This claim has not been independently verified.",world,2022-04-03,1
Local elections produce fragmented results across three key states (Update 2),"Data released on 2022-07-13 shows that Preliminary results from regional elections indicate that no single party secured a majority in any of the three contested states. Coalition talks are expected to begin in the coming days, with analysts predicting extended negotiations. Relevant authorities said the process would proceed according to established procedures.",politics,2022-07-13,0
"Indian Army reports exchange of fire at northern border, no casualties confirmed",Data released on 2026-01-18 shows that A defence ministry spokesperson said troops exchanged small-arms fire with an armed group that crossed the northern frontier. The situation had been contained and an investigation was under way. No soldier fatalities were reported in the initial statement.,world,2026-01-18,0
"Earthquake strikes coastal region, rescue teams deployed — Source #769","A moderate earthquake struck a coastal area, prompting authorities to deploy search-and-rescue teams to affected districts. Preliminary assessments indicated structural damage to hundreds of buildings, and officials asked residents in vulnerable areas to remain cautious. Independent analysts broadly confirmed the findings.",world,2023-06-10,0
Government launches infrastructure investment fund for rural connectivity (Update 2),Officials announced the establishment of a dedicated fund to finance broadband and transport infrastructure in underserved rural areas. The programme is expected to be implemented over a five-year period through a combination of public grants and private co-investment. Relevant authorities said the process would proceed according to established procedures.,business,2026-10-08,0
Taiwan scrambles jets as Chinese aircraft cross median line,"In a statement issued recently, officials noted that Taiwan's defence ministry said it had scrambled fighter aircraft after People's Liberation Army Air Force planes crossed the informal median line dividing the Taiwan Strait. The ministry released tracking data and said the incursions were a deliberate provocation. Relevant authorities said the process would proceed according to established procedures.",world,2026-01-25,0
EXPOSED: Chemtrails confirmed as mass mind-control programme [UPDATE 62],"A widely shared article alleges that aircraft contrails contain chemical agents designed to make populations more compliant and easier to manipulate. No peer-reviewed scientific study supports the claim, and aviation and atmospheric scientists have repeatedly explained that contrails consist of water vapour. No credible evidence has been provided to support the allegation.",science,2026-09-04,1
WARNING: Tap water secretly laced with fertility-reducing chemical [UPDATE 79],A widely shared social media post asserts that authorities have been deliberately adding a chemical compound to municipal water supplies that reduces human fertility. No independent laboratory analysis or health authority has confirmed the presence of any such compound. Mainstream media has not reported on this story.,health,2022-11-22,1
BREAKING: CJP protesters reportedly seize control of Supreme Court building [UPDATE 90],"A social media message claims CJP protesters physically took control of the Supreme Court premises. No credible news agency or official authority confirmed the claim, and footage presented as evidence could not be independently geolocated. Independent fact-checkers have rated the claim as false.",politics,2023-09-26,1
Physicists confirm existence of rare particle predicted by theoretical model — Source #769,"In a statement issued recently, officials noted that Researchers at a particle physics facility announced the experimental confirmation of a rare subatomic particle that had been predicted by theoretical models decades earlier. The finding was described as a significant validation of the standard model of particle physics. Officials said the situation would continue to be monitored.",science,2023-12-04,0
BOMBSHELL: World governments planning secret currency replacement by next year [UPDATE 74],"A viral post claims that a secretive group of central banks is coordinating a surprise elimination of paper currency to be replaced by a trackable digital token. The post relies on unnamed insiders and unverified documents, and no central bank has confirmed any such plan. Share this before it gets deleted!",politics,2024-09-17,1
URGENT: Indian troops invade Pakistan — war declared but media censored [UPDATE 52],"A widely circulated message claims India has formally declared war on Pakistan and that troops have crossed the international border, but that mainstream media is under a government blackout order. No such declaration or blackout has been issued. Share this before it gets deleted!",world,2024-07-08,1
NEW EPSTEIN FILES: Secret list names every living world leader [UPDATE 56],"A viral post claims that a newly released batch of Epstein-related documents contains a verified list implicating every current world leader. Screenshots circulating online have not been authenticated, and no court has released documents matching the description. Share this before it gets deleted!",world,2024-02-13,1
URGENT: Authorities planning surprise internet shutdown in 48 hours [UPDATE 36],"A message circulating on social media claims that governments have secretly agreed to impose a total internet blackout to prevent the release of damaging information. No official government or telecom body has announced any such action, and the claim provides no verifiable source. No credible evidence has been provided to support the allegation.",tech,2025-06-08,1
Parliament approves landmark pension reform bill,"In a statement issued recently, officials noted that Lawmakers voted to pass a sweeping pension reform package after months of debate. The bill adjusts retirement age thresholds and increases contribution rates for high-income earners. Analysts say the changes are designed to stabilise long-term public finances. Independent analysts broadly confirmed the findings.",politics,2026-03-14,0
BREAKING: NATO secretly moves nuclear weapons to border — attack on Russia imminent [UPDATE 41],An anonymous account alleges that NATO has secretly relocated tactical nuclear weapons to bases within kilometres of the Russian border as a prelude to a surprise strike. Neither NATO nor any member government has confirmed any such redeployment. This claim has not been independently verified.,world,2023-11-23,1
EXPLOSIVE: Ballot-counting machines pre-programmed to switch votes [UPDATE 96],A viral post alleges that electronic voting machines used in multiple districts were pre-programmed by a foreign entity to alter results automatically. Election authorities and independent auditors found no evidence of any such programming in post-election machine inspections. Mainstream media has not reported on this story.,politics,2025-11-04,1
Open-source AI framework gains traction among enterprise developers [Report #1924],Data released on 2026-01-12 shows that An open-source machine learning framework released by a research consortium has seen rapid adoption among enterprise software teams over the past quarter. Developers cited lower infrastructure costs and greater transparency compared with proprietary alternatives. Stakeholders were invited to submit comments before the consultation deadline.,tech,2026-01-12,0
BREAKING: Tech giant secretly records all home conversations 24 hours a day [UPDATE 45],An anonymous post claims that a major consumer electronics company continuously records audio from all devices in every household and shares the recordings with intelligence agencies. The company denied the allegation and no independent technical analysis has confirmed the claim. No credible evidence has been provided to support the allegation.,tech,2025-10-18,1
"SHOCKING: India and Pakistan both launch nukes — billions dead, news suppressed globally [UPDATE 77]","A panic-inducing post claims a full nuclear exchange between India and Pakistan has already occurred with governments jointly suppressing the information. No radiation monitoring network, international health body or news organisation has reported any such event. Authorities have refused to comment, fuelling speculation.",world,2023-02-13,1
EXPOSED: Hospitals paid to falsify death certificates as COVID [UPDATE 9],"A widely circulated post claims that medical facilities receive financial incentives to list unrelated deaths as caused by a specific illness, inflating official statistics. No credible audit or investigation has substantiated the claim, and health authorities have described the allegation as unfounded.",health,2025-10-14,1
Marine biologists document decline in coral reef biodiversity (Update 2),"According to authorities, A long-term study of reef ecosystems in multiple ocean regions found a measurable decline in the diversity of coral species over a fifteen-year monitoring period. Rising sea temperatures and ocean acidification were identified as the principal contributing factors. Further details are expected in the coming days.",science,2025-04-18,0
SHOCKING: Gold secretly removed from all national reserves years ago [UPDATE 2],A conspiracy article asserts that the gold held in major national reserves was secretly replaced with gold-plated tungsten bars decades ago and that the true reserves are now empty. Independent audits conducted at multiple reserve facilities have not confirmed this claim. Independent fact-checkers have rated the claim as false.,business,2024-09-15,1
LEAKED: Pakistan secretly attacks US military base using drones overnight [UPDATE 88],"An anonymous Telegram account claims to have footage proving that Pakistani military drones struck a covert American installation. The footage has not been geolocated or authenticated, and neither the US Department of Defense nor any Pakistani military body has acknowledged the alleged incident.",world,2026-07-21,1
Paleontologists uncover fossilised remains of previously unknown dinosaur species — Source #769,Reports indicate that A team of paleontologists announced the discovery of fossilised skeletal remains belonging to a previously undescribed dinosaur species from the Late Cretaceous period. The specimen revealed distinctive anatomical features that had not been observed in related species. Stakeholders were invited to submit comments before the consultation deadline.,science,2024-10-26,0
Reforestation project restores thousands of hectares of degraded land (Update 2),A partnership between government agencies and conservation organisations has replanted trees across a significant area of previously deforested land over the past two years. Project monitors reported that native species were re-establishing themselves in restored areas. Stakeholders were invited to submit comments before the consultation deadline.,world,2023-02-11,0
Manufacturing output grows for third consecutive quarter — Source #769,"Official statistics showed that manufacturing output expanded for the third quarter in a row, driven by increased demand from export markets. Economists said the trend suggested a gradual broadening of economic activity beyond the services sector. Officials said the situation would continue to be monitored.",business,2023-01-14,0
Physicists confirm existence of rare particle predicted by theoretical model [Report #1924],"According to authorities, Researchers at a particle physics facility announced the experimental confirmation of a rare subatomic particle that had been predicted by theoretical models decades earlier. The finding was described as a significant validation of the standard model of particle physics.",science,2025-08-08,0
Pakistan military conducts anti-terrorism operation in tribal district — Source #769,"Officials confirmed that The Inter-Services Public Relations directorate announced the conclusion of a security operation in a tribal district, saying that several armed individuals had been killed and weapons caches seized. Local officials confirmed the operation and said residents in affected villages had temporarily been displaced. Independent analysts broadly confirmed the findings.",world,2025-03-14,0
Reforestation project restores thousands of hectares of degraded land (Update 2),"According to authorities, A partnership between government agencies and conservation organisations has replanted trees across a significant area of previously deforested land over the past two years. Project monitors reported that native species were re-establishing themselves in restored areas. Officials said the situation would continue to be monitored.",world,2022-04-19,0
"Sudan civil war displaces over four million people, UN warns","Reports indicate that United Nations agencies reported that more than four million people had been displaced by fighting since the conflict began, making it one of the world's largest displacement crises. Aid access remained severely restricted in several regions.",world,2025-06-03,0
South Korea and US begin joint military exercises despite North Korean warnings,Annual combined military exercises between South Korean and US forces commenced as scheduled despite warnings from North Korea that the drills were a provocation. The two allies described the exercises as defensive in nature. Further details are expected in the coming days.,world,2022-12-18,0
"Sudan civil war displaces over four million people, UN warns — Source #769","Data released on 2025-05-25 shows that United Nations agencies reported that more than four million people had been displaced by fighting since the conflict began, making it one of the world's largest displacement crises. Aid access remained severely restricted in several regions. Relevant authorities said the process would proceed according to established procedures.",world,2025-05-25,0
"Indian Army reports exchange of fire at northern border, no casualties confirmed",A defence ministry spokesperson said troops exchanged small-arms fire with an armed group that crossed the northern frontier. The situation had been contained and an investigation was under way. No soldier fatalities were reported in the initial statement.,world,2023-04-05,0
Semiconductor firm announces next-generation chip architecture,Data released on 2025-06-14 shows that A major semiconductor manufacturer unveiled a new processor architecture that promises significant improvements in performance per watt compared with current designs. The company said volume production was scheduled to begin later in the year. Independent analysts broadly confirmed the findings.,tech,2025-06-14,0
Marine biologists document decline in coral reef biodiversity,A long-term study of reef ecosystems in multiple ocean regions found a measurable decline in the diversity of coral species over a fifteen-year monitoring period. Rising sea temperatures and ocean acidification were identified as the principal contributing factors. Relevant authorities said the process would proceed according to established procedures.,science,2024-12-26,0
Universities report rising enrolment in science and engineering programmes (Update 2),"Reports indicate that Higher education data showed an increase in the number of students enrolling in science, technology, engineering and mathematics degree programmes over the past three academic years. Institutions attributed the trend partly to government scholarship initiatives and growing demand for STEM skills in the labour market. Stakeholders were invited to submit comments before the consultation deadline.",tech,2025-02-15,0
URGENT: World War III officially started 2 hours ago — governments hiding it [UPDATE 67],"A message spreading rapidly across platforms claims that a coordinated military confrontation involving multiple nuclear powers began hours ago and is being concealed by a global media agreement. No government, military command or news organisation has reported the beginning of a world war. This claim has not been independently verified.",world,2025-07-19,1
EXPOSED: Hospitals paid to falsify death certificates as COVID [UPDATE 83],"A widely circulated post claims that medical facilities receive financial incentives to list unrelated deaths as caused by a specific illness, inflating official statistics. No credible audit or investigation has substantiated the claim, and health authorities have described the allegation as unfounded.",health,2026-10-02,1
SHOCK CLAIM: Global elite held secret meeting to plan population reduction [UPDATE 62],A viral post alleges that billionaires and heads of state convened in a private location to discuss a coordinated plan to reduce the world population through engineered food shortages and engineered pandemics. The post provides no authenticated evidence for this sweeping claim. Mainstream media has not reported on this story.,world,2023-08-20,1
BREAKING: NATO secretly moves nuclear weapons to border — attack on Russia imminent [UPDATE 85],An anonymous account alleges that NATO has secretly relocated tactical nuclear weapons to bases within kilometres of the Russian border as a prelude to a surprise strike. Neither NATO nor any member government has confirmed any such redeployment. This claim has not been independently verified.,world,2025-08-01,1
UK deploys warship to Red Sea amid Houthi shipping attacks,Data released on 2026-09-17 shows that The Royal Navy confirmed the deployment of a destroyer to the Red Sea as part of a multinational force protecting commercial shipping from Houthi drone and missile attacks. Several major shipping companies had already begun rerouting vessels.,world,2026-09-17,0
SHOCK: Pakistan fires ballistic missiles at Delhi — government hiding casualties [UPDATE 10],"A widely shared post alleges that multiple ballistic missiles struck the outskirts of the Indian capital and that casualty figures are being suppressed by both governments. Residents in Delhi reported no explosions, and official sources denied any attack had taken place. Share this before it gets deleted!",world,2023-02-25,1
URGENT: China attacks USA — invades California beaches with 2 million troops [UPDATE 78],"A widely shared post claims that Chinese landing craft arrived on Californian beaches overnight carrying two million soldiers and that the US military has been ordered to stand down. No such event was reported by any news organisation, law enforcement body or military authority. This claim has not been independently verified.",world,2022-07-21,1
Astronomers detect water vapour in atmosphere of distant exoplanet,"Officials confirmed that An international team of astronomers reported the detection of water vapour in the atmosphere of a rocky exoplanet located in the habitable zone of its star. The discovery is considered an important step in the search for potentially habitable worlds, though researchers cautioned that many other conditions must be met for life to be possible. Officials said the situation would continue to be monitored.",science,2025-08-13,0
BOMBSHELL: Senior official secretly working for foreign intelligence service [UPDATE 78],"An anonymous online account claims to have evidence that a named senior government official is a long-running covert agent for a foreign power. The claim rests entirely on unverified screenshots and anonymous testimony, and no law enforcement body has opened a related investigation. This claim has not been independently verified.",politics,2022-02-16,1
EXPLOSIVE: Ballot-counting machines pre-programmed to switch votes [UPDATE 14],A viral post alleges that electronic voting machines used in multiple districts were pre-programmed by a foreign entity to alter results automatically. Election authorities and independent auditors found no evidence of any such programming in post-election machine inspections. Mainstream media has not reported on this story.,politics,2022-04-06,1
Climate scientists publish revised sea-level rise projections for coastal regions — Source #769,"In a statement issued recently, officials noted that A group of climate researchers released updated projections indicating that sea-level rise along certain coastlines could be higher by mid-century than previously estimated, depending on greenhouse gas emission trajectories. The authors recommended that coastal planning authorities incorporate the new data into long-term infrastructure decisions. Stakeholders were invited to submit comments before the consultation deadline.",science,2022-01-10,0
Physicists confirm existence of rare particle predicted by theoretical model,"According to authorities, Researchers at a particle physics facility announced the experimental confirmation of a rare subatomic particle that had been predicted by theoretical models decades earlier. The finding was described as a significant validation of the standard model of particle physics. Further details are expected in the coming days.",science,2025-04-28,0
EXPOSED: Wildfires deliberately started by government using secret laser weapons [UPDATE 32],A viral video claims that visible light patterns during recent wildfires prove the fires were ignited by directed-energy weapons deployed by government forces. Fire scientists and investigators have attributed the fires to natural and accidental causes following standard forensic analysis. This claim has not been independently verified.,world,2025-01-09,1
SHOCKING: 5G towers confirmed to transmit mind-altering frequencies [UPDATE 75],A viral message asserts that fifth-generation mobile networks emit specific electromagnetic frequencies designed to alter human cognitive function and increase susceptibility to suggestion. No credible scientific or engineering study has supported the allegation. This claim has not been independently verified.,tech,2023-07-20,1
STUDY SUPPRESSED: Scientists prove that humans lived alongside dinosaurs [UPDATE 88],"A blog post claims that a scientific study demonstrating coexistence of humans and non-avian dinosaurs was retracted from journals due to pressure from establishment scientists. No such peer-reviewed study exists, and the geological record places human ancestors millions of years after the mass extinction.",science,2026-10-08,1
Nepal floods were secretly caused by a weather-control machine [UPDATE 45],"A widely shared message asserts that cloud-seeding technology was deliberately weaponised to trigger the devastating floods in Nepal. No meteorological or governmental body has presented evidence for the claim, and atmospheric scientists described it as without scientific basis.",world,2026-09-13,1
EXPOSED: China planted bombs in US infrastructure set to detonate simultaneously [UPDATE 56],"An anonymous whistleblower allegedly claims that Chinese operatives embedded explosive devices in American power grids a decade ago, awaiting a remote detonation signal. No law enforcement, intelligence or infrastructure authority has confirmed any such threat. Share this before it gets deleted!",world,2024-04-14,1
China sanctions US defence companies over Taiwan arms sale [Report #1924],"In a statement issued recently, officials noted that China's foreign ministry announced targeted sanctions on several US defence manufacturers following Washington's approval of a weapons package for Taiwan. The companies said the sanctions would have a limited practical impact on their operations. Further details are expected in the coming days.",world,2023-08-18,0
Taiwan scrambles jets as Chinese aircraft cross median line (Update 2),Taiwan's defence ministry said it had scrambled fighter aircraft after People's Liberation Army Air Force planes crossed the informal median line dividing the Taiwan Strait. The ministry released tracking data and said the incursions were a deliberate provocation. Independent analysts broadly confirmed the findings.,world,2022-09-18,0
Trade ministers meet to resolve long-running tariff dispute [Report #1924],Officials confirmed that Representatives from both countries convened for two days of talks aimed at resolving a tariff disagreement that has disrupted bilateral trade for nearly two years. Officials said progress was made on several items but that a final agreement had not yet been reached.,world,2026-12-27,0
Universities report rising enrolment in science and engineering programmes,"According to authorities, Higher education data showed an increase in the number of students enrolling in science, technology, engineering and mathematics degree programmes over the past three academic years. Institutions attributed the trend partly to government scholarship initiatives and growing demand for STEM skills in the labour market.",tech,2026-11-21,0
"Cross-border shelling reported near Kashmir valley, residents asked to stay indoors (Update 2)",Data released on 2022-03-11 shows that Authorities in the Kashmir valley issued a precautionary advisory after intermittent shelling was reported overnight near a forward post. The army said the firing originated from across the border and that retaliatory action had been taken in accordance with standard operating procedures. Stakeholders were invited to submit comments before the consultation deadline.,world,2022-03-11,0
BREAKING: Pakistan launches surprise nuclear strike on three Indian cities [UPDATE 16],"Unverified social-media posts claim that Pakistani forces have launched nuclear warheads targeting major Indian metropolitan areas. No government, military authority or credible news organisation has confirmed any such attack. No credible evidence has been provided to support the allegation.",world,2022-08-15,1
Study links ultra-processed food consumption to elevated cardiovascular risk [Report #1924],Reports indicate that A large observational study found that higher consumption of ultra-processed foods was associated with elevated risks of cardiovascular events over a ten-year follow-up period. Authors noted that the study design could not establish causation and called for further research. Independent analysts broadly confirmed the findings.,health,2025-01-13,0
REVEALED: Artificial intelligence already secretly running all world governments [UPDATE 88],"A sensational article claims that a secret AI system developed by a private consortium has already assumed de facto control of decision-making in the governments of multiple major countries, with elected officials serving only as figureheads. No credible source or evidence is provided. This claim has not been independently verified.",tech,2023-05-15,1
BREAKING: Secret underground tunnels discovered beneath major world capitals [UPDATE 48],A conspiracy blog asserts that satellite imagery proves the existence of a vast network of underground tunnels linking the governmental centres of several countries. Independent geospatial analysts found no evidence to support the claim in publicly available imagery. No credible evidence has been provided to support the allegation.,world,2024-12-07,1
BREAKING: CJP protesters reportedly seize control of Supreme Court building [UPDATE 41],"A social media message claims CJP protesters physically took control of the Supreme Court premises. No credible news agency or official authority confirmed the claim, and footage presented as evidence could not be independently geolocated.",politics,2022-05-17,1
Cities commit to expanding urban green spaces under climate adaptation plan — Source #769,"Forty-seven cities across five continents signed a commitment to increase the share of urban land dedicated to parks, wetlands and other green infrastructure as part of a climate adaptation initiative. Studies have linked urban green space to reductions in heat island effects and improved air quality. Stakeholders were invited to submit comments before the consultation deadline.",world,2023-04-05,0
Parliament approves landmark pension reform bill,Data released on 2026-06-08 shows that Lawmakers voted to pass a sweeping pension reform package after months of debate. The bill adjusts retirement age thresholds and increases contribution rates for high-income earners. Analysts say the changes are designed to stabilise long-term public finances. Officials said the situation would continue to be monitored.,politics,2026-06-08,0
National health authority recommends updated vaccine schedule for adults (Update 2),Reports indicate that Public health officials revised the recommended vaccination schedule for adults to include updated boosters for several respiratory illnesses. The changes reflected new evidence about waning immunity and changes in circulating strains. Stakeholders were invited to submit comments before the consultation deadline.,health,2022-08-12,0
"Cross-border shelling reported near Kashmir valley, residents asked to stay indoors — Source #769",Reports indicate that Authorities in the Kashmir valley issued a precautionary advisory after intermittent shelling was reported overnight near a forward post. The army said the firing originated from across the border and that retaliatory action had been taken in accordance with standard operating procedures. Independent analysts broadly confirmed the findings.,world,2025-10-17,0
Local elections produce fragmented results across three key states (Update 2),"Reports indicate that Preliminary results from regional elections indicate that no single party secured a majority in any of the three contested states. Coalition talks are expected to begin in the coming days, with analysts predicting extended negotiations. Officials said the situation would continue to be monitored.",politics,2024-04-18,0
REVEALED: Artificial intelligence already secretly running all world governments [UPDATE 59],"A sensational article claims that a secret AI system developed by a private consortium has already assumed de facto control of decision-making in the governments of multiple major countries, with elected officials serving only as figureheads. No credible source or evidence is provided.",tech,2023-01-08,1
"REVEALED: Russia fires hypersonic missile at Washington DC, Pentagon destroyed [UPDATE 55]",A social media post claims a Russian hypersonic missile struck the Pentagon and that the US government has implemented emergency succession protocols. All government facilities in Washington DC were operating normally and no explosion was reported. Share this before it gets deleted!,world,2026-03-02,1
STUDY SUPPRESSED: Scientists prove that humans lived alongside dinosaurs [UPDATE 48],"A blog post claims that a scientific study demonstrating coexistence of humans and non-avian dinosaurs was retracted from journals due to pressure from establishment scientists. No such peer-reviewed study exists, and the geological record places human ancestors millions of years after the mass extinction. No credible evidence has been provided to support the allegation.",science,2022-12-16,1
URGENT: China attacks USA — invades California beaches with 2 million troops [UPDATE 45],"A widely shared post claims that Chinese landing craft arrived on Californian beaches overnight carrying two million soldiers and that the US military has been ordered to stand down. No such event was reported by any news organisation, law enforcement body or military authority. Independent fact-checkers have rated the claim as false.",world,2024-07-13,1
Iran seizes commercial tanker in Strait of Hormuz over alleged violation — Source #769,"In a statement issued recently, officials noted that Iran's Revolutionary Guard Corps announced the seizure of a commercial oil tanker, citing what it described as a maritime law violation. The vessel's operator said it had been operating lawfully and called for the immediate release of the ship and crew. Relevant authorities said the process would proceed according to established procedures.",world,2022-02-27,0
Local elections produce fragmented results across three key states,"Officials confirmed that Preliminary results from regional elections indicate that no single party secured a majority in any of the three contested states. Coalition talks are expected to begin in the coming days, with analysts predicting extended negotiations. Relevant authorities said the process would proceed according to established procedures.",politics,2023-06-01,0
Gaza ceasefire collapses as rocket fire resumes across border,"In a statement issued recently, officials noted that A mediated ceasefire broke down after rockets were fired from Gaza toward Israeli towns, prompting retaliatory air strikes. Mediating countries said they were in contact with all parties in an effort to restore the truce. Officials said the situation would continue to be monitored.",world,2022-02-13,0
BOMBSHELL: Senior official secretly working for foreign intelligence service [UPDATE 50],"An anonymous online account claims to have evidence that a named senior government official is a long-running covert agent for a foreign power. The claim rests entirely on unverified screenshots and anonymous testimony, and no law enforcement body has opened a related investigation. No credible evidence has been provided to support the allegation.",politics,2026-06-14,1
BREAKING: Tech giant secretly records all home conversations 24 hours a day [UPDATE 78],An anonymous post claims that a major consumer electronics company continuously records audio from all devices in every household and shares the recordings with intelligence agencies. The company denied the allegation and no independent technical analysis has confirmed the claim. Share this before it gets deleted!,tech,2024-07-05,1
BREAKING: CJP protesters reportedly seize control of Supreme Court building [UPDATE 98],"A social media message claims CJP protesters physically took control of the Supreme Court premises. No credible news agency or official authority confirmed the claim, and footage presented as evidence could not be independently geolocated. Authorities have refused to comment, fuelling speculation.",politics,2024-10-26,1
Central bank raises interest rates by quarter-point to curb inflation,"The country's central bank raised its benchmark interest rate by twenty-five basis points at its latest policy meeting, citing persistent inflation pressures. The decision was in line with market expectations, and officials signalled that future adjustments would depend on incoming economic data. Officials said the situation would continue to be monitored.",business,2024-06-11,0
China sanctions US defence companies over Taiwan arms sale [Report #1924],China's foreign ministry announced targeted sanctions on several US defence manufacturers following Washington's approval of a weapons package for Taiwan. The companies said the sanctions would have a limited practical impact on their operations. Officials said the situation would continue to be monitored.,world,2023-02-19,0
"PROOF: The Earth is expanding by one kilometre per year, scientists admit [UPDATE 56]","A viral post claims that geologists have quietly admitted to evidence showing the planet's radius increasing at a rate of one kilometre annually, and that this fact is being concealed from the public. No peer-reviewed geological study supports the claim. Independent fact-checkers have rated the claim as false.",science,2026-12-24,1
BREAKING: CJP protesters reportedly seize control of Supreme Court building [UPDATE 21],"A social media message claims CJP protesters physically took control of the Supreme Court premises. No credible news agency or official authority confirmed the claim, and footage presented as evidence could not be independently geolocated. Mainstream media has not reported on this story.",politics,2025-11-01,1
Iran seizes commercial tanker in Strait of Hormuz over alleged violation,"Data released on 2022-12-05 shows that Iran's Revolutionary Guard Corps announced the seizure of a commercial oil tanker, citing what it described as a maritime law violation. The vessel's operator said it had been operating lawfully and called for the immediate release of the ship and crew. Stakeholders were invited to submit comments before the consultation deadline.",world,2022-12-05,0
BREAKING: Russia launches nuclear attack on London — UK government hiding it [UPDATE 63],"A viral post alleges that a Russian tactical nuclear device detonated near London and that the British government has imposed a total media blackout. Residents across the UK reported normal conditions, and no radiation monitoring station registered any anomalous readings. Authorities have refused to comment, fuelling speculation.",world,2022-01-07,1
Mental health researchers call for expanded access to talking therapies [Report #1924],"A review of mental health provision in several countries found that access to evidence-based psychological therapies remained limited, particularly in rural areas. Researchers recommended increased funding for community-based services and digital-delivery platforms.",health,2026-05-11,0
LEAKED: Government secretly microchipping citizens through flu vaccines [UPDATE 38],"An anonymous whistleblower has allegedly published internal documents claiming that microscopic tracking chips are embedded in seasonal flu vaccine doses. The documents have not been independently verified and no credible scientific body has endorsed the claim. Authorities have refused to comment, fuelling speculation.",health,2024-06-27,1
Cities commit to expanding urban green spaces under climate adaptation plan — Source #769,"Forty-seven cities across five continents signed a commitment to increase the share of urban land dedicated to parks, wetlands and other green infrastructure as part of a climate adaptation initiative. Studies have linked urban green space to reductions in heat island effects and improved air quality. Independent analysts broadly confirmed the findings.",world,2025-04-28,0
SHOCK: Pakistan fires ballistic missiles at Delhi — government hiding casualties [UPDATE 5],"A widely shared post alleges that multiple ballistic missiles struck the outskirts of the Indian capital and that casualty figures are being suppressed by both governments. Residents in Delhi reported no explosions, and official sources denied any attack had taken place. Mainstream media has not reported on this story.",world,2022-02-13,1
UN Security Council convenes emergency session over escalation in conflict zone (Update 2),"According to authorities, Council members called an emergency session to discuss the latest escalation, including attacks on civilian infrastructure. Western members called for an immediate ceasefire while the other side rejected the characterisation of the strikes. Independent analysts broadly confirmed the findings.",world,2026-12-09,0
NEW EPSTEIN FILES: Secret list names every living world leader [UPDATE 80],"A viral post claims that a newly released batch of Epstein-related documents contains a verified list implicating every current world leader. Screenshots circulating online have not been authenticated, and no court has released documents matching the description. No credible evidence has been provided to support the allegation.",world,2026-02-04,1
Geneticists map previously uncharted regions of the human genome,A consortium of genomic researchers published the results of a project that mapped previously sequenced regions of the human genome with greater accuracy. The improved reference sequence is expected to facilitate the identification of genetic variants associated with rare diseases. Officials said the situation would continue to be monitored.,science,2026-01-02,0
URGENT: Government knew Nepal disaster was coming and deliberately withheld warning [UPDATE 94],"An online post claims government authorities possessed advance satellite data predicting the exact timing and severity of the Nepal floods but chose to suppress the information. The allegation provides no authenticated documentary evidence. Authorities have refused to comment, fuelling speculation.",world,2024-06-05,1
Mental health researchers call for expanded access to talking therapies — Source #769,"A review of mental health provision in several countries found that access to evidence-based psychological therapies remained limited, particularly in rural areas. Researchers recommended increased funding for community-based services and digital-delivery platforms.",health,2023-07-17,0
"SHOCKING: India and Pakistan both launch nukes — billions dead, news suppressed globally [UPDATE 65]","A panic-inducing post claims a full nuclear exchange between India and Pakistan has already occurred with governments jointly suppressing the information. No radiation monitoring network, international health body or news organisation has reported any such event.",world,2022-12-03,1
Retail sector reports mixed results as consumer spending patterns shift [Report #1924],Several major retailers disclosed quarterly earnings that showed divergent performance between physical stores and online channels. Analysts noted that shifts in consumer behaviour since the pandemic had created lasting structural changes in the retail landscape. Independent analysts broadly confirmed the findings.,business,2023-06-21,0
Local elections produce fragmented results across three key states [Report #1924],"Preliminary results from regional elections indicate that no single party secured a majority in any of the three contested states. Coalition talks are expected to begin in the coming days, with analysts predicting extended negotiations. Further details are expected in the coming days.",politics,2022-05-19,0
SHOCKING: China and Russia sign secret pact to simultaneously attack US allies [UPDATE 69],"A blog post claims to have obtained a classified treaty in which China and Russia agreed to launch coordinated military strikes against US-allied nations on a pre-set date. Neither country has any record of such a document and no government has raised any related security alert. Authorities have refused to comment, fuelling speculation.",world,2025-09-21,1
Climate scientists publish revised sea-level rise projections for coastal regions,"Data released on 2025-04-09 shows that A group of climate researchers released updated projections indicating that sea-level rise along certain coastlines could be higher by mid-century than previously estimated, depending on greenhouse gas emission trajectories. The authors recommended that coastal planning authorities incorporate the new data into long-term infrastructure decisions. Independent analysts broadly confirmed the findings.",science,2025-04-09,0
URGENT: Indian troops invade Pakistan — war declared but media censored [UPDATE 26],"A widely circulated message claims India has formally declared war on Pakistan and that troops have crossed the international border, but that mainstream media is under a government blackout order. No such declaration or blackout has been issued. Share this before it gets deleted!",world,2025-01-11,1
"Cross-border shelling reported near Kashmir valley, residents asked to stay indoors (Update 2)",Authorities in the Kashmir valley issued a precautionary advisory after intermittent shelling was reported overnight near a forward post. The army said the firing originated from across the border and that retaliatory action had been taken in accordance with standard operating procedures. Stakeholders were invited to submit comments before the consultation deadline.,world,2026-04-21,0
URGENT: World War III officially started 2 hours ago — governments hiding it [UPDATE 7],"A message spreading rapidly across platforms claims that a coordinated military confrontation involving multiple nuclear powers began hours ago and is being concealed by a global media agreement. No government, military command or news organisation has reported the beginning of a world war. Independent fact-checkers have rated the claim as false.",world,2025-06-12,1
Climate scientists publish revised sea-level rise projections for coastal regions — Source #769,"A group of climate researchers released updated projections indicating that sea-level rise along certain coastlines could be higher by mid-century than previously estimated, depending on greenhouse gas emission trajectories. The authors recommended that coastal planning authorities incorporate the new data into long-term infrastructure decisions. Relevant authorities said the process would proceed according to established procedures.",science,2024-03-03,0
Electric vehicle maker reports steady growth in delivery numbers — Source #769,"According to authorities, An electric vehicle manufacturer disclosed quarterly delivery figures that met analyst expectations, supported by increased production capacity at its newer facilities. The company reiterated its full-year delivery guidance while noting that supply chain conditions remained a variable. Relevant authorities said the process would proceed according to established procedures.",tech,2022-03-16,0
BREAKING: Climate change data entirely fabricated by UN scientists [UPDATE 25],"A blog post claims that leaked emails prove that United Nations climate researchers invented temperature records to support a predetermined political agenda. The emails referenced were investigated and found to have been misrepresented, and multiple independent analyses have reproduced the warming trends using raw data. Share this before it gets deleted!",science,2026-10-05,1
SHOCK CLAIM: Global elite held secret meeting to plan population reduction [UPDATE 71],A viral post alleges that billionaires and heads of state convened in a private location to discuss a coordinated plan to reduce the world population through engineered food shortages and engineered pandemics. The post provides no authenticated evidence for this sweeping claim.,world,2025-10-24,1
UK deploys warship to Red Sea amid Houthi shipping attacks [Report #1924],The Royal Navy confirmed the deployment of a destroyer to the Red Sea as part of a multinational force protecting commercial shipping from Houthi drone and missile attacks. Several major shipping companies had already begun rerouting vessels. Further details are expected in the coming days.,world,2024-06-10,0
EXPOSED: China planted bombs in US infrastructure set to detonate simultaneously [UPDATE 36],"An anonymous whistleblower allegedly claims that Chinese operatives embedded explosive devices in American power grids a decade ago, awaiting a remote detonation signal. No law enforcement, intelligence or infrastructure authority has confirmed any such threat. Independent fact-checkers have rated the claim as false.",world,2026-06-12,1
ALERT: New vaccine causes DNA alteration in 90% of recipients [UPDATE 51],"A viral article claims that a newly approved vaccine permanently alters human DNA in the vast majority of recipients, based on anonymous laboratory reports. Molecular biologists and regulatory agencies have stated that the claim is scientifically inaccurate and lacks any credible evidence.",health,2025-09-17,1
BOMBSHELL: Ukraine war was entirely staged by NATO using crisis actors [UPDATE 13],"A conspiracy video claims that footage from the conflict in Ukraine was produced by NATO in a studio, with all casualties fabricated using professional actors. Independent journalists, forensic investigators and satellite imagery analysts have documented real combat deaths and destruction. Independent fact-checkers have rated the claim as false.",world,2022-02-19,1
Climate scientists publish revised sea-level rise projections for coastal regions — Source #769,"In a statement issued recently, officials noted that A group of climate researchers released updated projections indicating that sea-level rise along certain coastlines could be higher by mid-century than previously estimated, depending on greenhouse gas emission trajectories. The authors recommended that coastal planning authorities incorporate the new data into long-term infrastructure decisions. Further details are expected in the coming days.",science,2026-07-15,0
URGENT: Pakistan army crosses border and takes control of Kashmir capital [UPDATE 23],A viral message claims that Pakistani armoured columns entered Indian-administered Kashmir and seized the regional capital within hours. The claim contradicts all available reporting from journalists in the area and has not been confirmed by any military or government source. Share this before it gets deleted!,world,2026-03-23,1
"PROOF: The Earth is expanding by one kilometre per year, scientists admit [UPDATE 42]","A viral post claims that geologists have quietly admitted to evidence showing the planet's radius increasing at a rate of one kilometre annually, and that this fact is being concealed from the public. No peer-reviewed geological study supports the claim. Mainstream media has not reported on this story.",science,2022-04-21,1
Marine biologists document decline in coral reef biodiversity [Report #1924],"According to authorities, A long-term study of reef ecosystems in multiple ocean regions found a measurable decline in the diversity of coral species over a fifteen-year monitoring period. Rising sea temperatures and ocean acidification were identified as the principal contributing factors. Stakeholders were invited to submit comments before the consultation deadline.",science,2024-10-05,0
Opposition party calls for independent inquiry into budget leaks,Data released on 2024-09-19 shows that The main opposition bloc has formally requested a parliamentary inquiry after financial projections were reportedly shared outside official channels ahead of the budget announcement. The ruling party denied wrongdoing and said all processes followed established procedures. Further details are expected in the coming days.,politics,2024-09-19,0
"BREAKING: China invades Taiwan — US refuses to respond, secret deal exposed [UPDATE 71]",A viral post claims China has launched a full-scale amphibious invasion of Taiwan and that a secret agreement between Washington and Beijing is preventing any US military response. No such invasion has been reported by any credible news organisation. No credible evidence has been provided to support the allegation.,world,2026-08-12,1
Trade ministers meet to resolve long-running tariff dispute,Representatives from both countries convened for two days of talks aimed at resolving a tariff disagreement that has disrupted bilateral trade for nearly two years. Officials said progress was made on several items but that a final agreement had not yet been reached. Relevant authorities said the process would proceed according to established procedures.,world,2022-07-12,0
Trade ministers meet to resolve long-running tariff dispute (Update 2),"According to authorities, Representatives from both countries convened for two days of talks aimed at resolving a tariff disagreement that has disrupted bilateral trade for nearly two years. Officials said progress was made on several items but that a final agreement had not yet been reached.",world,2025-08-17,0
Iran seizes commercial tanker in Strait of Hormuz over alleged violation (Update 2),"Iran's Revolutionary Guard Corps announced the seizure of a commercial oil tanker, citing what it described as a maritime law violation. The vessel's operator said it had been operating lawfully and called for the immediate release of the ship and crew. Relevant authorities said the process would proceed according to established procedures.",world,2026-09-16,0
SHOCKING: 5G towers confirmed to transmit mind-altering frequencies [UPDATE 51],"A viral message asserts that fifth-generation mobile networks emit specific electromagnetic frequencies designed to alter human cognitive function and increase susceptibility to suggestion. No credible scientific or engineering study has supported the allegation. Authorities have refused to comment, fuelling speculation.",tech,2026-07-27,1
ALERT: Banks to freeze all accounts simultaneously next month [UPDATE 57],A post circulating widely on messaging platforms claims that a coordinated banking freeze will lock customers out of their accounts as part of a planned financial reset. No central bank or regulatory authority has announced or confirmed any such action. Independent fact-checkers have rated the claim as false.,business,2023-06-20,1
Cities commit to expanding urban green spaces under climate adaptation plan (Update 2),"Forty-seven cities across five continents signed a commitment to increase the share of urban land dedicated to parks, wetlands and other green infrastructure as part of a climate adaptation initiative. Studies have linked urban green space to reductions in heat island effects and improved air quality. Stakeholders were invited to submit comments before the consultation deadline.",world,2022-09-19,0
DOCTORS HIDE THIS: Common spice cures cancer in three days [UPDATE 44],"An online article claims that a popular kitchen spice has been proven to eliminate all forms of cancer within seventy-two hours of daily consumption, and that pharmaceutical companies have suppressed the discovery. No clinical evidence supports the claim, and oncologists have described it as dangerous misinformation. Independent fact-checkers have rated the claim as false.",health,2023-09-13,1
NATO increases troop presence in eastern Europe following security review — Source #769,"According to authorities, Alliance defence ministers agreed to reinforce NATO's eastern flank with additional battle groups following a security assessment. Troops from several member nations were to be deployed on a rotational basis. Independent analysts broadly confirmed the findings.",world,2024-12-26,0
US aircraft carrier group enters South China Sea amid territorial tensions,"A US Navy carrier strike group transited the South China Sea in what the Pentagon described as a routine freedom-of-navigation operation. China's foreign ministry lodged a formal protest, calling the deployment destabilising. Independent analysts broadly confirmed the findings.",world,2026-07-19,0
BREAKING: NATO secretly moves nuclear weapons to border — attack on Russia imminent [UPDATE 3],An anonymous account alleges that NATO has secretly relocated tactical nuclear weapons to bases within kilometres of the Russian border as a prelude to a surprise strike. Neither NATO nor any member government has confirmed any such redeployment. This claim has not been independently verified.,world,2026-07-24,1
"Earthquake strikes coastal region, rescue teams deployed","Data released on 2025-01-10 shows that A moderate earthquake struck a coastal area, prompting authorities to deploy search-and-rescue teams to affected districts. Preliminary assessments indicated structural damage to hundreds of buildings, and officials asked residents in vulnerable areas to remain cautious. Officials said the situation would continue to be monitored.",world,2025-01-10,0
EXPOSED: Hospitals paid to falsify death certificates as COVID [UPDATE 77],"A widely circulated post claims that medical facilities receive financial incentives to list unrelated deaths as caused by a specific illness, inflating official statistics. No credible audit or investigation has substantiated the claim, and health authorities have described the allegation as unfounded. Share this before it gets deleted!",health,2022-01-01,1
India deploys additional troops to Ladakh border amid standoff,Indian defence officials confirmed the deployment of additional army units to the Ladakh border region following a confrontation with Chinese patrols at a disputed patrol point. Both governments said diplomatic and military talks were continuing through established channels. Further details are expected in the coming days.,world,2023-04-26,0
BOMBSHELL: Senior official secretly working for foreign intelligence service [UPDATE 39],"An anonymous online account claims to have evidence that a named senior government official is a long-running covert agent for a foreign power. The claim rests entirely on unverified screenshots and anonymous testimony, and no law enforcement body has opened a related investigation. This claim has not been independently verified.",politics,2026-01-17,1
Central bank raises interest rates by quarter-point to curb inflation,"According to authorities, The country's central bank raised its benchmark interest rate by twenty-five basis points at its latest policy meeting, citing persistent inflation pressures. The decision was in line with market expectations, and officials signalled that future adjustments would depend on incoming economic data. Stakeholders were invited to submit comments before the consultation deadline.",business,2024-02-06,0
WARNING: Tap water secretly laced with fertility-reducing chemical [UPDATE 21],"A widely shared social media post asserts that authorities have been deliberately adding a chemical compound to municipal water supplies that reduces human fertility. No independent laboratory analysis or health authority has confirmed the presence of any such compound. Authorities have refused to comment, fuelling speculation.",health,2023-08-26,1
Iran-backed groups claim rocket attack on US base in Iraq,"A group describing itself as Iran-backed claimed responsibility for a rocket attack on a base housing US personnel in Iraq. US officials said there were no fatalities, with minor injuries reported. Relevant authorities said the process would proceed according to established procedures.",world,2022-04-16,0
Semiconductor firm announces next-generation chip architecture (Update 2),Data released on 2023-02-19 shows that A major semiconductor manufacturer unveiled a new processor architecture that promises significant improvements in performance per watt compared with current designs. The company said volume production was scheduled to begin later in the year. Further details are expected in the coming days.,tech,2023-02-19,0
US aircraft carrier group enters South China Sea amid territorial tensions,"According to authorities, A US Navy carrier strike group transited the South China Sea in what the Pentagon described as a routine freedom-of-navigation operation. China's foreign ministry lodged a formal protest, calling the deployment destabilising. Officials said the situation would continue to be monitored.",world,2023-07-03,0
LEAKED: Government secretly microchipping citizens through flu vaccines [UPDATE 14],An anonymous whistleblower has allegedly published internal documents claiming that microscopic tracking chips are embedded in seasonal flu vaccine doses. The documents have not been independently verified and no credible scientific body has endorsed the claim. Share this before it gets deleted!,health,2024-03-14,1
REVEALED: Artificial intelligence already secretly running all world governments [UPDATE 29],"A sensational article claims that a secret AI system developed by a private consortium has already assumed de facto control of decision-making in the governments of multiple major countries, with elected officials serving only as figureheads. No credible source or evidence is provided. This claim has not been independently verified.",tech,2023-07-01,1
Clinical trial shows promise for new treatment of drug-resistant tuberculosis (Update 2),Preliminary results from a clinical trial involving a novel drug combination showed a significant improvement in outcomes for patients with drug-resistant tuberculosis compared with the standard treatment regimen. Researchers said a larger phase-three trial would be required to confirm the findings. Further details are expected in the coming days.,health,2026-06-13,0
"SHOCKING: India and Pakistan both launch nukes — billions dead, news suppressed globally [UPDATE 46]","A panic-inducing post claims a full nuclear exchange between India and Pakistan has already occurred with governments jointly suppressing the information. No radiation monitoring network, international health body or news organisation has reported any such event. Mainstream media has not reported on this story.",world,2023-01-23,1
Retail sector reports mixed results as consumer spending patterns shift — Source #769,"According to authorities, Several major retailers disclosed quarterly earnings that showed divergent performance between physical stores and online channels. Analysts noted that shifts in consumer behaviour since the pandemic had created lasting structural changes in the retail landscape. Further details are expected in the coming days.",business,2023-01-24,0
Senate committee approves judicial appointments after lengthy review [Report #1924],Officials confirmed that A Senate committee voted to approve the nomination of three appellate judges following hearings that examined their judicial records. Legal observers noted that the appointments could influence the interpretation of constitutional law for the next decade. Relevant authorities said the process would proceed according to established procedures.,politics,2023-01-12,0
SHOCKING: CJP protest exposes secret government shutdown plan [UPDATE 6],A viral post claims the CJP protest uncovered a hidden government directive to shut down the country's legal system within 72 hours. The post provides no verifiable evidence and asks users to share immediately before it is supposedly removed by authorities. Mainstream media has not reported on this story.,politics,2026-09-15,1
"BREAKING: China invades Taiwan — US refuses to respond, secret deal exposed [UPDATE 90]",A viral post claims China has launched a full-scale amphibious invasion of Taiwan and that a secret agreement between Washington and Beijing is preventing any US military response. No such invasion has been reported by any credible news organisation. Share this before it gets deleted!,world,2026-03-11,1
Mental health researchers call for expanded access to talking therapies — Source #769,"In a statement issued recently, officials noted that A review of mental health provision in several countries found that access to evidence-based psychological therapies remained limited, particularly in rural areas. Researchers recommended increased funding for community-based services and digital-delivery platforms. Further details are expected in the coming days.",health,2023-04-24,0
Regulators open antitrust investigation into cloud computing market (Update 2),"In a statement issued recently, officials noted that Competition authorities launched a formal investigation into whether a small number of large providers have engaged in practices that limit competition in the cloud services market. The companies under review declined to comment in detail but said they would cooperate fully. Independent analysts broadly confirmed the findings.",tech,2022-10-10,0
Local elections produce fragmented results across three key states,"Data released on 2024-10-05 shows that Preliminary results from regional elections indicate that no single party secured a majority in any of the three contested states. Coalition talks are expected to begin in the coming days, with analysts predicting extended negotiations. Officials said the situation would continue to be monitored.",politics,2024-10-05,0
URGENT: Government knew Nepal disaster was coming and deliberately withheld warning [UPDATE 1],An online post claims government authorities possessed advance satellite data predicting the exact timing and severity of the Nepal floods but chose to suppress the information. The allegation provides no authenticated documentary evidence. Independent fact-checkers have rated the claim as false.,world,2024-10-08,1
URGENT: World War III officially started 2 hours ago — governments hiding it [UPDATE 61],"A message spreading rapidly across platforms claims that a coordinated military confrontation involving multiple nuclear powers began hours ago and is being concealed by a global media agreement. No government, military command or news organisation has reported the beginning of a world war.",world,2026-03-10,1
Ceasefire agreement reached in prolonged regional conflict (Update 2),Diplomatic negotiators announced that the warring parties had agreed to a ceasefire after talks mediated by international representatives. The truce is set to take effect at midnight local time and will be monitored by a joint observer team. Relevant authorities said the process would proceed according to established procedures.,world,2024-02-11,0
Pakistan and India hold ceasefire talks along Line of Control — Source #769,"Military representatives from both countries met to discuss a renewal of the ceasefire agreement along the Line of Control. Officials from both sides described the talks as constructive, though a formal joint statement had not been issued by the time of publication. Stakeholders were invited to submit comments before the consultation deadline.",world,2026-11-17,0
ALERT: New vaccine causes DNA alteration in 90% of recipients [UPDATE 2],"A viral article claims that a newly approved vaccine permanently alters human DNA in the vast majority of recipients, based on anonymous laboratory reports. Molecular biologists and regulatory agencies have stated that the claim is scientifically inaccurate and lacks any credible evidence. Share this before it gets deleted!",health,2024-05-16,1
EXPOSED: China planted bombs in US infrastructure set to detonate simultaneously [UPDATE 15],"An anonymous whistleblower allegedly claims that Chinese operatives embedded explosive devices in American power grids a decade ago, awaiting a remote detonation signal. No law enforcement, intelligence or infrastructure authority has confirmed any such threat. No credible evidence has been provided to support the allegation.",world,2022-09-10,1
Paleontologists uncover fossilised remains of previously unknown dinosaur species (Update 2),Reports indicate that A team of paleontologists announced the discovery of fossilised skeletal remains belonging to a previously undescribed dinosaur species from the Late Cretaceous period. The specimen revealed distinctive anatomical features that had not been observed in related species.,science,2025-02-05,0
LEAKED: Government secretly microchipping citizens through flu vaccines [UPDATE 51],An anonymous whistleblower has allegedly published internal documents claiming that microscopic tracking chips are embedded in seasonal flu vaccine doses. The documents have not been independently verified and no credible scientific body has endorsed the claim.,health,2023-05-19,1
SHOCKING: China and Russia sign secret pact to simultaneously attack US allies [UPDATE 69],A blog post claims to have obtained a classified treaty in which China and Russia agreed to launch coordinated military strikes against US-allied nations on a pre-set date. Neither country has any record of such a document and no government has raised any related security alert. Independent fact-checkers have rated the claim as false.,world,2025-11-24,1
URGENT: China attacks USA — invades California beaches with 2 million troops [UPDATE 82],"A widely shared post claims that Chinese landing craft arrived on Californian beaches overnight carrying two million soldiers and that the US military has been ordered to stand down. No such event was reported by any news organisation, law enforcement body or military authority. Authorities have refused to comment, fuelling speculation.",world,2023-09-18,1
India deploys additional troops to Ladakh border amid standoff — Source #769,Indian defence officials confirmed the deployment of additional army units to the Ladakh border region following a confrontation with Chinese patrols at a disputed patrol point. Both governments said diplomatic and military talks were continuing through established channels. Stakeholders were invited to submit comments before the consultation deadline.,world,2025-12-13,0
BOMBSHELL: Ukraine war was entirely staged by NATO using crisis actors [UPDATE 82],"A conspiracy video claims that footage from the conflict in Ukraine was produced by NATO in a studio, with all casualties fabricated using professional actors. Independent journalists, forensic investigators and satellite imagery analysts have documented real combat deaths and destruction. Authorities have refused to comment, fuelling speculation.",world,2026-08-21,1
SHOCKING: Gold secretly removed from all national reserves years ago [UPDATE 27],A conspiracy article asserts that the gold held in major national reserves was secretly replaced with gold-plated tungsten bars decades ago and that the true reserves are now empty. Independent audits conducted at multiple reserve facilities have not confirmed this claim. This claim has not been independently verified.,business,2026-11-07,1
Geneticists map previously uncharted regions of the human genome — Source #769,Data released on 2024-09-13 shows that A consortium of genomic researchers published the results of a project that mapped previously sequenced regions of the human genome with greater accuracy. The improved reference sequence is expected to facilitate the identification of genetic variants associated with rare diseases. Officials said the situation would continue to be monitored.,science,2024-09-13,0
"SHOCKING: India and Pakistan both launch nukes — billions dead, news suppressed globally [UPDATE 91]","A panic-inducing post claims a full nuclear exchange between India and Pakistan has already occurred with governments jointly suppressing the information. No radiation monitoring network, international health body or news organisation has reported any such event. Mainstream media has not reported on this story.",world,2023-05-02,1
REVEALED: Artificial intelligence already secretly running all world governments [UPDATE 70],"A sensational article claims that a secret AI system developed by a private consortium has already assumed de facto control of decision-making in the governments of multiple major countries, with elected officials serving only as figureheads. No credible source or evidence is provided. Independent fact-checkers have rated the claim as false.",tech,2026-04-21,1
Government tables new data privacy bill for public consultation — Source #769,"Officials confirmed that Officials published a draft bill that would impose stricter requirements on companies handling personal data, including mandatory breach notifications and expanded rights for citizens to access or delete their information. Public comments are open for thirty days. Further details are expected in the coming days.",politics,2025-10-21,0
Universities report rising enrolment in science and engineering programmes (Update 2),"In a statement issued recently, officials noted that Higher education data showed an increase in the number of students enrolling in science, technology, engineering and mathematics degree programmes over the past three academic years. Institutions attributed the trend partly to government scholarship initiatives and growing demand for STEM skills in the labour market. Further details are expected in the coming days.",tech,2023-12-23,0
China conducts live-fire naval exercises near Taiwan Strait (Update 2),"In a statement issued recently, officials noted that China's People's Liberation Army Navy announced the completion of live-fire exercises in waters near the Taiwan Strait. Taiwan's defence ministry said it had monitored the drills closely and that its forces remained on heightened alert. Relevant authorities said the process would proceed according to established procedures.",world,2022-01-10,0
BOMBSHELL: Senior official secretly working for foreign intelligence service [UPDATE 95],"An anonymous online account claims to have evidence that a named senior government official is a long-running covert agent for a foreign power. The claim rests entirely on unverified screenshots and anonymous testimony, and no law enforcement body has opened a related investigation. Mainstream media has not reported on this story.",politics,2024-07-13,1
Senate committee approves judicial appointments after lengthy review,A Senate committee voted to approve the nomination of three appellate judges following hearings that examined their judicial records. Legal observers noted that the appointments could influence the interpretation of constitutional law for the next decade. Independent analysts broadly confirmed the findings.,politics,2022-11-14,0
Universities report rising enrolment in science and engineering programmes — Source #769,"Higher education data showed an increase in the number of students enrolling in science, technology, engineering and mathematics degree programmes over the past three academic years. Institutions attributed the trend partly to government scholarship initiatives and growing demand for STEM skills in the labour market. Relevant authorities said the process would proceed according to established procedures.",tech,2026-05-12,0
Iran seizes commercial tanker in Strait of Hormuz over alleged violation (Update 2),"Iran's Revolutionary Guard Corps announced the seizure of a commercial oil tanker, citing what it described as a maritime law violation. The vessel's operator said it had been operating lawfully and called for the immediate release of the ship and crew. Officials said the situation would continue to be monitored.",world,2024-02-14,0
SHOCKING: US military planning false flag attack to start World War III [UPDATE 10],"A viral post claims that senior Pentagon officials have approved a false flag operation designed to be blamed on a rival power, providing justification for a global war. The post cites no verifiable documents and no credible journalism has substantiated the allegation. Authorities have refused to comment, fuelling speculation.",world,2024-09-02,1
UK deploys warship to Red Sea amid Houthi shipping attacks,The Royal Navy confirmed the deployment of a destroyer to the Red Sea as part of a multinational force protecting commercial shipping from Houthi drone and missile attacks. Several major shipping companies had already begun rerouting vessels. Further details are expected in the coming days.,world,2022-04-08,0
Semiconductor firm announces next-generation chip architecture,Reports indicate that A major semiconductor manufacturer unveiled a new processor architecture that promises significant improvements in performance per watt compared with current designs. The company said volume production was scheduled to begin later in the year. Further details are expected in the coming days.,tech,2024-07-11,0
BREAKING: CJP protesters reportedly seize control of Supreme Court building [UPDATE 26],"A social media message claims CJP protesters physically took control of the Supreme Court premises. No credible news agency or official authority confirmed the claim, and footage presented as evidence could not be independently geolocated.",politics,2025-04-24,1
Russia launches missile strikes on Ukrainian energy infrastructure [Report #1924],"According to authorities, Ukrainian officials reported that Russian forces launched a wave of cruise missiles targeting power substations in several regions overnight. Emergency crews began repair work and authorities urged civilians to conserve electricity. Russian defence officials did not immediately comment. Independent analysts broadly confirmed the findings.",world,2026-07-26,0
SHOCKING: CJP protest exposes secret government shutdown plan [UPDATE 24],A viral post claims the CJP protest uncovered a hidden government directive to shut down the country's legal system within 72 hours. The post provides no verifiable evidence and asks users to share immediately before it is supposedly removed by authorities. Mainstream media has not reported on this story.,politics,2024-07-09,1
"PROOF: The Earth is expanding by one kilometre per year, scientists admit [UPDATE 47]","A viral post claims that geologists have quietly admitted to evidence showing the planet's radius increasing at a rate of one kilometre annually, and that this fact is being concealed from the public. No peer-reviewed geological study supports the claim. No credible evidence has been provided to support the allegation.",science,2025-09-24,1
BREAKING: India drops bombs on Karachi port in secret overnight operation [UPDATE 84],"Anonymous accounts are circulating images they claim show explosions at Karachi port following an alleged Indian air strike. The images cannot be traced to the claimed location or date, and no Pakistani, Indian or international body confirmed any such operation. Authorities have refused to comment, fuelling speculation.",world,2023-02-12,1
BREAKING: Nuclear explosion detected in major city — radiation spreading [UPDATE 73],"A post claims that sensors have detected a nuclear detonation in a major metropolitan area and that radiation clouds are drifting across neighbouring countries. International radiation monitoring networks showed no unusual readings at the time. Authorities have refused to comment, fuelling speculation.",world,2026-12-19,1
"REVEALED: Russia fires hypersonic missile at Washington DC, Pentagon destroyed [UPDATE 58]",A social media post claims a Russian hypersonic missile struck the Pentagon and that the US government has implemented emergency succession protocols. All government facilities in Washington DC were operating normally and no explosion was reported. No credible evidence has been provided to support the allegation.,world,2022-02-22,1
URGENT: Government knew Nepal disaster was coming and deliberately withheld warning [UPDATE 16],"An online post claims government authorities possessed advance satellite data predicting the exact timing and severity of the Nepal floods but chose to suppress the information. The allegation provides no authenticated documentary evidence. Authorities have refused to comment, fuelling speculation.",world,2024-01-13,1
BREAKING: NATO secretly moves nuclear weapons to border — attack on Russia imminent [UPDATE 86],An anonymous account alleges that NATO has secretly relocated tactical nuclear weapons to bases within kilometres of the Russian border as a prelude to a surprise strike. Neither NATO nor any member government has confirmed any such redeployment.,world,2024-04-12,1
Researchers achieve new milestone in quantum error correction (Update 2),"A research team published results demonstrating a significant reduction in error rates for quantum computations using a novel error-correction protocol. Experts described the findings as an encouraging step toward practical quantum computing, while cautioning that many engineering challenges remain. Relevant authorities said the process would proceed according to established procedures.",tech,2025-10-10,0
Cities commit to expanding urban green spaces under climate adaptation plan,"Data released on 2026-05-01 shows that Forty-seven cities across five continents signed a commitment to increase the share of urban land dedicated to parks, wetlands and other green infrastructure as part of a climate adaptation initiative. Studies have linked urban green space to reductions in heat island effects and improved air quality. Officials said the situation would continue to be monitored.",world,2026-05-01,0
"BOMBSHELL: Iran has already launched nuclear missiles toward Israel, cover-up in progress [UPDATE 9]","A social-media account claims Iran fired nuclear-armed missiles toward Israel hours ago and that a complete information blackout is hiding the fact. Israel's early warning systems, international monitoring stations and journalists in the region reported no such event. Share this before it gets deleted!",world,2023-02-10,1
REVEALED: Artificial intelligence already secretly running all world governments [UPDATE 5],"A sensational article claims that a secret AI system developed by a private consortium has already assumed de facto control of decision-making in the governments of multiple major countries, with elected officials serving only as figureheads. No credible source or evidence is provided.",tech,2022-08-07,1
Hospitals report improvements in patient outcomes after surgical checklist adoption (Update 2),A multi-hospital review found measurable reductions in post-surgical complications at facilities that had adopted standardised pre-operative checklists over the preceding three years. The findings supported broader implementation of the protocol. Independent analysts broadly confirmed the findings.,health,2026-02-06,0
India deploys additional troops to Ladakh border amid standoff — Source #769,"In a statement issued recently, officials noted that Indian defence officials confirmed the deployment of additional army units to the Ladakh border region following a confrontation with Chinese patrols at a disputed patrol point. Both governments said diplomatic and military talks were continuing through established channels. Stakeholders were invited to submit comments before the consultation deadline.",world,2026-11-01,0
BREAKING: Russia launches nuclear attack on London — UK government hiding it [UPDATE 92],"A viral post alleges that a Russian tactical nuclear device detonated near London and that the British government has imposed a total media blackout. Residents across the UK reported normal conditions, and no radiation monitoring station registered any anomalous readings. No credible evidence has been provided to support the allegation.",world,2025-12-22,1
Marine biologists document decline in coral reef biodiversity (Update 2),"According to authorities, A long-term study of reef ecosystems in multiple ocean regions found a measurable decline in the diversity of coral species over a fifteen-year monitoring period. Rising sea temperatures and ocean acidification were identified as the principal contributing factors. Independent analysts broadly confirmed the findings.",science,2025-10-20,0
LEAKED: Pakistan secretly attacks US military base using drones overnight [UPDATE 7],"An anonymous Telegram account claims to have footage proving that Pakistani military drones struck a covert American installation. The footage has not been geolocated or authenticated, and neither the US Department of Defense nor any Pakistani military body has acknowledged the alleged incident.",world,2024-01-03,1
BREAKING: Nuclear explosion detected in major city — radiation spreading [UPDATE 58],A post claims that sensors have detected a nuclear detonation in a major metropolitan area and that radiation clouds are drifting across neighbouring countries. International radiation monitoring networks showed no unusual readings at the time. Independent fact-checkers have rated the claim as false.,world,2026-03-04,1
NEW EPSTEIN FILES: Secret list names every living world leader [UPDATE 47],"A viral post claims that a newly released batch of Epstein-related documents contains a verified list implicating every current world leader. Screenshots circulating online have not been authenticated, and no court has released documents matching the description. Independent fact-checkers have rated the claim as false.",world,2024-08-25,1
ALERT: Banks to freeze all accounts simultaneously next month [UPDATE 12],A post circulating widely on messaging platforms claims that a coordinated banking freeze will lock customers out of their accounts as part of a planned financial reset. No central bank or regulatory authority has announced or confirmed any such action. This claim has not been independently verified.,business,2024-08-18,1
BREAKING: Tech giant secretly records all home conversations 24 hours a day [UPDATE 92],An anonymous post claims that a major consumer electronics company continuously records audio from all devices in every household and shares the recordings with intelligence agencies. The company denied the allegation and no independent technical analysis has confirmed the claim. This claim has not been independently verified.,tech,2022-05-09,1
Retail sector reports mixed results as consumer spending patterns shift — Source #769,"In a statement issued recently, officials noted that Several major retailers disclosed quarterly earnings that showed divergent performance between physical stores and online channels. Analysts noted that shifts in consumer behaviour since the pandemic had created lasting structural changes in the retail landscape. Relevant authorities said the process would proceed according to established procedures.",business,2023-12-21,0
Manufacturing output grows for third consecutive quarter,"Data released on 2024-07-09 shows that Official statistics showed that manufacturing output expanded for the third quarter in a row, driven by increased demand from export markets. Economists said the trend suggested a gradual broadening of economic activity beyond the services sector. Further details are expected in the coming days.",business,2024-07-09,0
BREAKING: Nuclear explosion detected in major city — radiation spreading [UPDATE 67],"A post claims that sensors have detected a nuclear detonation in a major metropolitan area and that radiation clouds are drifting across neighbouring countries. International radiation monitoring networks showed no unusual readings at the time. Authorities have refused to comment, fuelling speculation.",world,2023-08-04,1
LEAKED: Government secretly microchipping citizens through flu vaccines [UPDATE 48],An anonymous whistleblower has allegedly published internal documents claiming that microscopic tracking chips are embedded in seasonal flu vaccine doses. The documents have not been independently verified and no credible scientific body has endorsed the claim. Mainstream media has not reported on this story.,health,2026-01-28,1
South Korea and US begin joint military exercises despite North Korean warnings [Report #1924],Officials confirmed that Annual combined military exercises between South Korean and US forces commenced as scheduled despite warnings from North Korea that the drills were a provocation. The two allies described the exercises as defensive in nature. Relevant authorities said the process would proceed according to established procedures.,world,2022-12-05,0
Schools pilot new curriculum designed to improve critical thinking skills,"Officials confirmed that A group of state schools began piloting an updated curriculum framework emphasising critical analysis, evidence evaluation and structured argumentation across multiple subject areas. Early assessments showed improvements in students' ability to identify unsupported claims in written texts. Stakeholders were invited to submit comments before the consultation deadline.",politics,2026-06-19,0
Pakistan test-fires medium-range ballistic missile in routine exercise,Officials confirmed that Pakistan's military announced the successful test launch of a medium-range ballistic missile capable of carrying conventional warheads. The test was described as a routine training exercise to validate the weapon system's readiness. Officials said the situation would continue to be monitored.,world,2026-12-05,0
EXPOSED: Wildfires deliberately started by government using secret laser weapons [UPDATE 72],A viral video claims that visible light patterns during recent wildfires prove the fires were ignited by directed-energy weapons deployed by government forces. Fire scientists and investigators have attributed the fires to natural and accidental causes following standard forensic analysis. Share this before it gets deleted!,world,2024-06-12,1
Pakistan military conducts anti-terrorism operation in tribal district (Update 2),"Data released on 2025-10-27 shows that The Inter-Services Public Relations directorate announced the conclusion of a security operation in a tribal district, saying that several armed individuals had been killed and weapons caches seized. Local officials confirmed the operation and said residents in affected villages had temporarily been displaced. Relevant authorities said the process would proceed according to established procedures.",world,2025-10-27,0
EXPOSED: Hospitals paid to falsify death certificates as COVID [UPDATE 30],"A widely circulated post claims that medical facilities receive financial incentives to list unrelated deaths as caused by a specific illness, inflating official statistics. No credible audit or investigation has substantiated the claim, and health authorities have described the allegation as unfounded. No credible evidence has been provided to support the allegation.",health,2022-11-13,1
URGENT: World War III officially started 2 hours ago — governments hiding it [UPDATE 25],"A message spreading rapidly across platforms claims that a coordinated military confrontation involving multiple nuclear powers began hours ago and is being concealed by a global media agreement. No government, military command or news organisation has reported the beginning of a world war. No credible evidence has been provided to support the allegation.",world,2025-07-12,1
Reforestation project restores thousands of hectares of degraded land (Update 2),Data released on 2023-12-04 shows that A partnership between government agencies and conservation organisations has replanted trees across a significant area of previously deforested land over the past two years. Project monitors reported that native species were re-establishing themselves in restored areas.,world,2023-12-04,0
EXPOSED: Chemtrails confirmed as mass mind-control programme [UPDATE 69],"A widely shared article alleges that aircraft contrails contain chemical agents designed to make populations more compliant and easier to manipulate. No peer-reviewed scientific study supports the claim, and aviation and atmospheric scientists have repeatedly explained that contrails consist of water vapour. Independent fact-checkers have rated the claim as false.",science,2025-11-09,1
Pakistan and India hold ceasefire talks along Line of Control,"According to authorities, Military representatives from both countries met to discuss a renewal of the ceasefire agreement along the Line of Control. Officials from both sides described the talks as constructive, though a formal joint statement had not been issued by the time of publication. Relevant authorities said the process would proceed according to established procedures.",world,2024-10-02,0
URGENT: Indian troops invade Pakistan — war declared but media censored [UPDATE 18],"A widely circulated message claims India has formally declared war on Pakistan and that troops have crossed the international border, but that mainstream media is under a government blackout order. No such declaration or blackout has been issued. Authorities have refused to comment, fuelling speculation.",world,2024-10-20,1
Cities commit to expanding urban green spaces under climate adaptation plan — Source #769,"Data released on 2022-02-22 shows that Forty-seven cities across five continents signed a commitment to increase the share of urban land dedicated to parks, wetlands and other green infrastructure as part of a climate adaptation initiative. Studies have linked urban green space to reductions in heat island effects and improved air quality. Further details are expected in the coming days.",world,2022-02-22,0
Nepal floods were secretly caused by a weather-control machine [UPDATE 48],"A widely shared message asserts that cloud-seeding technology was deliberately weaponised to trigger the devastating floods in Nepal. No meteorological or governmental body has presented evidence for the claim, and atmospheric scientists described it as without scientific basis. This claim has not been independently verified.",world,2026-09-16,1
India deploys additional troops to Ladakh border amid standoff [Report #1924],Indian defence officials confirmed the deployment of additional army units to the Ladakh border region following a confrontation with Chinese patrols at a disputed patrol point. Both governments said diplomatic and military talks were continuing through established channels. Further details are expected in the coming days.,world,2024-09-09,0
Regulators open antitrust investigation into cloud computing market,Data released on 2026-01-10 shows that Competition authorities launched a formal investigation into whether a small number of large providers have engaged in practices that limit competition in the cloud services market. The companies under review declined to comment in detail but said they would cooperate fully. Independent analysts broadly confirmed the findings.,tech,2026-01-10,0
Regulators open antitrust investigation into cloud computing market,"In a statement issued recently, officials noted that Competition authorities launched a formal investigation into whether a small number of large providers have engaged in practices that limit competition in the cloud services market. The companies under review declined to comment in detail but said they would cooperate fully. Stakeholders were invited to submit comments before the consultation deadline.",tech,2025-06-21,0
Central bank raises interest rates by quarter-point to curb inflation [Report #1924],"Reports indicate that The country's central bank raised its benchmark interest rate by twenty-five basis points at its latest policy meeting, citing persistent inflation pressures. The decision was in line with market expectations, and officials signalled that future adjustments would depend on incoming economic data. Stakeholders were invited to submit comments before the consultation deadline.",business,2025-10-12,0
Physicists confirm existence of rare particle predicted by theoretical model [Report #1924],Reports indicate that Researchers at a particle physics facility announced the experimental confirmation of a rare subatomic particle that had been predicted by theoretical models decades earlier. The finding was described as a significant validation of the standard model of particle physics. Relevant authorities said the process would proceed according to established procedures.,science,2024-05-11,0
Central bank raises interest rates by quarter-point to curb inflation,"Officials confirmed that The country's central bank raised its benchmark interest rate by twenty-five basis points at its latest policy meeting, citing persistent inflation pressures. The decision was in line with market expectations, and officials signalled that future adjustments would depend on incoming economic data. Stakeholders were invited to submit comments before the consultation deadline.",business,2023-01-22,0
BREAKING: Pakistan launches surprise nuclear strike on three Indian cities [UPDATE 61],"Unverified social-media posts claim that Pakistani forces have launched nuclear warheads targeting major Indian metropolitan areas. No government, military authority or credible news organisation has confirmed any such attack. No credible evidence has been provided to support the allegation.",world,2025-02-18,1
EXPOSED: Hospitals paid to falsify death certificates as COVID [UPDATE 51],"A widely circulated post claims that medical facilities receive financial incentives to list unrelated deaths as caused by a specific illness, inflating official statistics. No credible audit or investigation has substantiated the claim, and health authorities have described the allegation as unfounded. No credible evidence has been provided to support the allegation.",health,2022-12-08,1
SHOCKING: China and Russia sign secret pact to simultaneously attack US allies [UPDATE 80],A blog post claims to have obtained a classified treaty in which China and Russia agreed to launch coordinated military strikes against US-allied nations on a pre-set date. Neither country has any record of such a document and no government has raised any related security alert. Share this before it gets deleted!,world,2025-11-16,1
SHOCKING: 5G towers confirmed to transmit mind-altering frequencies [UPDATE 46],A viral message asserts that fifth-generation mobile networks emit specific electromagnetic frequencies designed to alter human cognitive function and increase susceptibility to suggestion. No credible scientific or engineering study has supported the allegation. Mainstream media has not reported on this story.,tech,2022-05-25,1
China conducts live-fire naval exercises near Taiwan Strait — Source #769,"In a statement issued recently, officials noted that China's People's Liberation Army Navy announced the completion of live-fire exercises in waters near the Taiwan Strait. Taiwan's defence ministry said it had monitored the drills closely and that its forces remained on heightened alert. Officials said the situation would continue to be monitored.",world,2023-03-24,0
"PROOF: The Earth is expanding by one kilometre per year, scientists admit [UPDATE 61]","A viral post claims that geologists have quietly admitted to evidence showing the planet's radius increasing at a rate of one kilometre annually, and that this fact is being concealed from the public. No peer-reviewed geological study supports the claim.",science,2023-11-10,1
NEW EPSTEIN FILES: Secret list names every living world leader [UPDATE 38],"A viral post claims that a newly released batch of Epstein-related documents contains a verified list implicating every current world leader. Screenshots circulating online have not been authenticated, and no court has released documents matching the description. Independent fact-checkers have rated the claim as false.",world,2023-10-24,1
SHOCKING: 5G towers confirmed to transmit mind-altering frequencies [UPDATE 59],A viral message asserts that fifth-generation mobile networks emit specific electromagnetic frequencies designed to alter human cognitive function and increase susceptibility to suggestion. No credible scientific or engineering study has supported the allegation. No credible evidence has been provided to support the allegation.,tech,2022-01-10,1
URGENT: Indian troops invade Pakistan — war declared but media censored [UPDATE 72],"A widely circulated message claims India has formally declared war on Pakistan and that troops have crossed the international border, but that mainstream media is under a government blackout order. No such declaration or blackout has been issued. This claim has not been independently verified.",world,2023-10-21,1
"BREAKING: Pakistan nukes USA — entire west coast destroyed, news blackout active [UPDATE 26]","A viral message claims Pakistan launched nuclear-armed intercontinental ballistic missiles that have already struck the US west coast. Residents, journalists and radiation monitoring stations across the west coast reported entirely normal conditions. Share this before it gets deleted!",world,2023-03-16,1
SHOCK: Pakistan fires ballistic missiles at Delhi — government hiding casualties [UPDATE 78],"A widely shared post alleges that multiple ballistic missiles struck the outskirts of the Indian capital and that casualty figures are being suppressed by both governments. Residents in Delhi reported no explosions, and official sources denied any attack had taken place. Authorities have refused to comment, fuelling speculation.",world,2026-02-06,1
Nepal floods were secretly caused by a weather-control machine [UPDATE 90],"A widely shared message asserts that cloud-seeding technology was deliberately weaponised to trigger the devastating floods in Nepal. No meteorological or governmental body has presented evidence for the claim, and atmospheric scientists described it as without scientific basis.",world,2024-09-18,1
STUDY SUPPRESSED: Scientists prove that humans lived alongside dinosaurs [UPDATE 76],"A blog post claims that a scientific study demonstrating coexistence of humans and non-avian dinosaurs was retracted from journals due to pressure from establishment scientists. No such peer-reviewed study exists, and the geological record places human ancestors millions of years after the mass extinction. Mainstream media has not reported on this story.",science,2024-08-22,1
SHOCKING: China and Russia sign secret pact to simultaneously attack US allies [UPDATE 42],"A blog post claims to have obtained a classified treaty in which China and Russia agreed to launch coordinated military strikes against US-allied nations on a pre-set date. Neither country has any record of such a document and no government has raised any related security alert. Authorities have refused to comment, fuelling speculation.",world,2023-12-03,1
SHOCK CLAIM: Global elite held secret meeting to plan population reduction [UPDATE 41],A viral post alleges that billionaires and heads of state convened in a private location to discuss a coordinated plan to reduce the world population through engineered food shortages and engineered pandemics. The post provides no authenticated evidence for this sweeping claim. No credible evidence has been provided to support the allegation.,world,2023-06-08,1
SHOCKING: Gold secretly removed from all national reserves years ago [UPDATE 99],A conspiracy article asserts that the gold held in major national reserves was secretly replaced with gold-plated tungsten bars decades ago and that the true reserves are now empty. Independent audits conducted at multiple reserve facilities have not confirmed this claim. No credible evidence has been provided to support the allegation.,business,2025-02-18,1
Geneticists map previously uncharted regions of the human genome — Source #769,Officials confirmed that A consortium of genomic researchers published the results of a project that mapped previously sequenced regions of the human genome with greater accuracy. The improved reference sequence is expected to facilitate the identification of genetic variants associated with rare diseases. Stakeholders were invited to submit comments before the consultation deadline.,science,2026-10-01,0
EXPOSED: Moon landing footage was filmed in an Arizona desert studio [UPDATE 90],"A long-circulating conspiracy claim re-emerged, alleging that behind-the-scenes photographs prove that footage from a historic lunar mission was produced in a secret terrestrial studio. The photographic evidence presented has been repeatedly debunked by independent analysts and former space agency employees. Authorities have refused to comment, fuelling speculation.",science,2024-09-17,1
Iran-backed groups claim rocket attack on US base in Iraq — Source #769,"In a statement issued recently, officials noted that A group describing itself as Iran-backed claimed responsibility for a rocket attack on a base housing US personnel in Iraq. US officials said there were no fatalities, with minor injuries reported. Further details are expected in the coming days.",world,2024-03-16,0
Gaza ceasefire collapses as rocket fire resumes across border [Report #1924],"Data released on 2022-06-21 shows that A mediated ceasefire broke down after rockets were fired from Gaza toward Israeli towns, prompting retaliatory air strikes. Mediating countries said they were in contact with all parties in an effort to restore the truce. Relevant authorities said the process would proceed according to established procedures.",world,2022-06-21,0
WARNING: Tap water secretly laced with fertility-reducing chemical [UPDATE 29],A widely shared social media post asserts that authorities have been deliberately adding a chemical compound to municipal water supplies that reduces human fertility. No independent laboratory analysis or health authority has confirmed the presence of any such compound. Independent fact-checkers have rated the claim as false.,health,2022-01-27,1
SHOCKING: China and Russia sign secret pact to simultaneously attack US allies [UPDATE 79],A blog post claims to have obtained a classified treaty in which China and Russia agreed to launch coordinated military strikes against US-allied nations on a pre-set date. Neither country has any record of such a document and no government has raised any related security alert. No credible evidence has been provided to support the allegation.,world,2022-03-20,1
NEW EPSTEIN FILES: Secret list names every living world leader [UPDATE 28],"A viral post claims that a newly released batch of Epstein-related documents contains a verified list implicating every current world leader. Screenshots circulating online have not been authenticated, and no court has released documents matching the description.",world,2022-12-06,1
G20 finance ministers agree on framework for debt relief [Report #1924],Officials confirmed that Finance ministers from the world's major economies reached a preliminary agreement on a framework to restructure the debt of heavily indebted lower-income countries. Details of the timeline and conditions are expected to be finalised at the next summit.,world,2026-12-27,0
G20 finance ministers agree on framework for debt relief — Source #769,"In a statement issued recently, officials noted that Finance ministers from the world's major economies reached a preliminary agreement on a framework to restructure the debt of heavily indebted lower-income countries. Details of the timeline and conditions are expected to be finalised at the next summit. Relevant authorities said the process would proceed according to established procedures.",world,2024-08-08,0
"PROOF: The Earth is expanding by one kilometre per year, scientists admit [UPDATE 14]","A viral post claims that geologists have quietly admitted to evidence showing the planet's radius increasing at a rate of one kilometre annually, and that this fact is being concealed from the public. No peer-reviewed geological study supports the claim. Independent fact-checkers have rated the claim as false.",science,2023-11-14,1
BOMBSHELL: World governments planning secret currency replacement by next year [UPDATE 71],"A viral post claims that a secretive group of central banks is coordinating a surprise elimination of paper currency to be replaced by a trackable digital token. The post relies on unnamed insiders and unverified documents, and no central bank has confirmed any such plan. Authorities have refused to comment, fuelling speculation.",politics,2025-08-18,1
URGENT: Authorities planning surprise internet shutdown in 48 hours [UPDATE 5],"A message circulating on social media claims that governments have secretly agreed to impose a total internet blackout to prevent the release of damaging information. No official government or telecom body has announced any such action, and the claim provides no verifiable source. Independent fact-checkers have rated the claim as false.",tech,2022-03-06,1
BREAKING: Secret underground tunnels discovered beneath major world capitals [UPDATE 49],"A conspiracy blog asserts that satellite imagery proves the existence of a vast network of underground tunnels linking the governmental centres of several countries. Independent geospatial analysts found no evidence to support the claim in publicly available imagery. Authorities have refused to comment, fuelling speculation.",world,2026-04-18,1
REVEALED: Artificial intelligence already secretly running all world governments [UPDATE 91],"A sensational article claims that a secret AI system developed by a private consortium has already assumed de facto control of decision-making in the governments of multiple major countries, with elected officials serving only as figureheads. No credible source or evidence is provided. No credible evidence has been provided to support the allegation.",tech,2024-09-07,1
"Sudan civil war displaces over four million people, UN warns","United Nations agencies reported that more than four million people had been displaced by fighting since the conflict began, making it one of the world's largest displacement crises. Aid access remained severely restricted in several regions. Stakeholders were invited to submit comments before the consultation deadline.",world,2023-09-16,0
SHOCKING: Gold secretly removed from all national reserves years ago [UPDATE 24],A conspiracy article asserts that the gold held in major national reserves was secretly replaced with gold-plated tungsten bars decades ago and that the true reserves are now empty. Independent audits conducted at multiple reserve facilities have not confirmed this claim. No credible evidence has been provided to support the allegation.,business,2024-04-19,1
SHOCK: Pakistan fires ballistic missiles at Delhi — government hiding casualties [UPDATE 64],"A widely shared post alleges that multiple ballistic missiles struck the outskirts of the Indian capital and that casualty figures are being suppressed by both governments. Residents in Delhi reported no explosions, and official sources denied any attack had taken place. No credible evidence has been provided to support the allegation.",world,2023-06-14,1
US aircraft carrier group enters South China Sea amid territorial tensions,"Data released on 2025-03-08 shows that A US Navy carrier strike group transited the South China Sea in what the Pentagon described as a routine freedom-of-navigation operation. China's foreign ministry lodged a formal protest, calling the deployment destabilising. Relevant authorities said the process would proceed according to established procedures.",world,2025-03-08,0
China sanctions US defence companies over Taiwan arms sale — Source #769,"According to authorities, China's foreign ministry announced targeted sanctions on several US defence manufacturers following Washington's approval of a weapons package for Taiwan. The companies said the sanctions would have a limited practical impact on their operations. Independent analysts broadly confirmed the findings.",world,2024-03-06,0
US imposes new sanctions on entities supplying weapons to Russia [Report #1924],Reports indicate that The US Treasury Department designated several companies for providing dual-use technology to Russian military procurement networks. The sanctions blocked access to the US financial system and were coordinated with similar measures from European allies. Further details are expected in the coming days.,world,2026-11-12,0
SHOCKING: Gold secretly removed from all national reserves years ago [UPDATE 35],A conspiracy article asserts that the gold held in major national reserves was secretly replaced with gold-plated tungsten bars decades ago and that the true reserves are now empty. Independent audits conducted at multiple reserve facilities have not confirmed this claim. Share this before it gets deleted!,business,2025-08-28,1
SHOCKING: US military planning false flag attack to start World War III [UPDATE 14],"A viral post claims that senior Pentagon officials have approved a false flag operation designed to be blamed on a rival power, providing justification for a global war. The post cites no verifiable documents and no credible journalism has substantiated the allegation. Authorities have refused to comment, fuelling speculation.",world,2022-10-02,1
US imposes new sanctions on entities supplying weapons to Russia [Report #1924],The US Treasury Department designated several companies for providing dual-use technology to Russian military procurement networks. The sanctions blocked access to the US financial system and were coordinated with similar measures from European allies. Officials said the situation would continue to be monitored.,world,2024-06-06,0
Regulators open antitrust investigation into cloud computing market — Source #769,"In a statement issued recently, officials noted that Competition authorities launched a formal investigation into whether a small number of large providers have engaged in practices that limit competition in the cloud services market. The companies under review declined to comment in detail but said they would cooperate fully.",tech,2025-04-06,0
ALERT: New vaccine causes DNA alteration in 90% of recipients [UPDATE 80],"A viral article claims that a newly approved vaccine permanently alters human DNA in the vast majority of recipients, based on anonymous laboratory reports. Molecular biologists and regulatory agencies have stated that the claim is scientifically inaccurate and lacks any credible evidence. Mainstream media has not reported on this story.",health,2024-02-21,1
National health authority recommends updated vaccine schedule for adults,Public health officials revised the recommended vaccination schedule for adults to include updated boosters for several respiratory illnesses. The changes reflected new evidence about waning immunity and changes in circulating strains. Independent analysts broadly confirmed the findings.,health,2024-08-17,0
EXPLOSIVE: Ballot-counting machines pre-programmed to switch votes [UPDATE 35],A viral post alleges that electronic voting machines used in multiple districts were pre-programmed by a foreign entity to alter results automatically. Election authorities and independent auditors found no evidence of any such programming in post-election machine inspections. This claim has not been independently verified.,politics,2025-08-09,1
EXPOSED: Moon landing footage was filmed in an Arizona desert studio [UPDATE 52],"A long-circulating conspiracy claim re-emerged, alleging that behind-the-scenes photographs prove that footage from a historic lunar mission was produced in a secret terrestrial studio. The photographic evidence presented has been repeatedly debunked by independent analysts and former space agency employees. Share this before it gets deleted!",science,2024-05-03,1
BREAKING: CJP protesters reportedly seize control of Supreme Court building [UPDATE 20],"A social media message claims CJP protesters physically took control of the Supreme Court premises. No credible news agency or official authority confirmed the claim, and footage presented as evidence could not be independently geolocated.",politics,2026-05-14,1
BREAKING: Tech giant secretly records all home conversations 24 hours a day [UPDATE 30],An anonymous post claims that a major consumer electronics company continuously records audio from all devices in every household and shares the recordings with intelligence agencies. The company denied the allegation and no independent technical analysis has confirmed the claim. Share this before it gets deleted!,tech,2024-09-03,1
Semiconductor firm announces next-generation chip architecture [Report #1924],Reports indicate that A major semiconductor manufacturer unveiled a new processor architecture that promises significant improvements in performance per watt compared with current designs. The company said volume production was scheduled to begin later in the year. Officials said the situation would continue to be monitored.,tech,2022-09-07,0
NATO increases troop presence in eastern Europe following security review — Source #769,Reports indicate that Alliance defence ministers agreed to reinforce NATO's eastern flank with additional battle groups following a security assessment. Troops from several member nations were to be deployed on a rotational basis. Relevant authorities said the process would proceed according to established procedures.,world,2023-12-17,0
North Korea fires ballistic missile toward Sea of Japan (Update 2),Reports indicate that South Korea's Joint Chiefs of Staff detected the launch of a ballistic missile from North Korean territory that fell into the Sea of Japan. The US condemned the launch as a violation of UN resolutions. Independent analysts broadly confirmed the findings.,world,2024-01-21,0
BREAKING: CJP protesters reportedly seize control of Supreme Court building [UPDATE 55],"A social media message claims CJP protesters physically took control of the Supreme Court premises. No credible news agency or official authority confirmed the claim, and footage presented as evidence could not be independently geolocated.",politics,2025-04-09,1
Nepal floods were secretly caused by a weather-control machine [UPDATE 36],"A widely shared message asserts that cloud-seeding technology was deliberately weaponised to trigger the devastating floods in Nepal. No meteorological or governmental body has presented evidence for the claim, and atmospheric scientists described it as without scientific basis. Authorities have refused to comment, fuelling speculation.",world,2025-01-05,1
US military conducts drone strike targeting militant commander in Somalia,"In a statement issued recently, officials noted that US Africa Command announced that a precision drone strike had killed a senior militant commander in a remote area of Somalia. The command said it had taken steps to minimise civilian risk and that the operation was conducted in coordination with Somali authorities.",world,2022-08-23,0
China conducts live-fire naval exercises near Taiwan Strait — Source #769,China's People's Liberation Army Navy announced the completion of live-fire exercises in waters near the Taiwan Strait. Taiwan's defence ministry said it had monitored the drills closely and that its forces remained on heightened alert. Further details are expected in the coming days.,world,2023-11-08,0
EXPOSED: Wildfires deliberately started by government using secret laser weapons [UPDATE 10],"A viral video claims that visible light patterns during recent wildfires prove the fires were ignited by directed-energy weapons deployed by government forces. Fire scientists and investigators have attributed the fires to natural and accidental causes following standard forensic analysis. Authorities have refused to comment, fuelling speculation.",world,2023-07-06,1
Gaza ceasefire collapses as rocket fire resumes across border (Update 2),"Data released on 2025-11-16 shows that A mediated ceasefire broke down after rockets were fired from Gaza toward Israeli towns, prompting retaliatory air strikes. Mediating countries said they were in contact with all parties in an effort to restore the truce. Stakeholders were invited to submit comments before the consultation deadline.",world,2025-11-16,0
Reforestation project restores thousands of hectares of degraded land — Source #769,A partnership between government agencies and conservation organisations has replanted trees across a significant area of previously deforested land over the past two years. Project monitors reported that native species were re-establishing themselves in restored areas. Independent analysts broadly confirmed the findings.,world,2022-12-14,0
BREAKING: NATO secretly moves nuclear weapons to border — attack on Russia imminent [UPDATE 79],An anonymous account alleges that NATO has secretly relocated tactical nuclear weapons to bases within kilometres of the Russian border as a prelude to a surprise strike. Neither NATO nor any member government has confirmed any such redeployment. Independent fact-checkers have rated the claim as false.,world,2023-09-25,1
Russia launches missile strikes on Ukrainian energy infrastructure,"In a statement issued recently, officials noted that Ukrainian officials reported that Russian forces launched a wave of cruise missiles targeting power substations in several regions overnight. Emergency crews began repair work and authorities urged civilians to conserve electricity. Russian defence officials did not immediately comment. Relevant authorities said the process would proceed according to established procedures.",world,2026-07-11,0
EXPOSED: China planted bombs in US infrastructure set to detonate simultaneously [UPDATE 62],"An anonymous whistleblower allegedly claims that Chinese operatives embedded explosive devices in American power grids a decade ago, awaiting a remote detonation signal. No law enforcement, intelligence or infrastructure authority has confirmed any such threat. Share this before it gets deleted!",world,2022-06-20,1
ALERT: Banks to freeze all accounts simultaneously next month [UPDATE 57],A post circulating widely on messaging platforms claims that a coordinated banking freeze will lock customers out of their accounts as part of a planned financial reset. No central bank or regulatory authority has announced or confirmed any such action. Independent fact-checkers have rated the claim as false.,business,2026-02-10,1
DOCTORS HIDE THIS: Common spice cures cancer in three days [UPDATE 4],"An online article claims that a popular kitchen spice has been proven to eliminate all forms of cancer within seventy-two hours of daily consumption, and that pharmaceutical companies have suppressed the discovery. No clinical evidence supports the claim, and oncologists have described it as dangerous misinformation.",health,2022-08-18,1
WARNING: Tap water secretly laced with fertility-reducing chemical [UPDATE 91],A widely shared social media post asserts that authorities have been deliberately adding a chemical compound to municipal water supplies that reduces human fertility. No independent laboratory analysis or health authority has confirmed the presence of any such compound. No credible evidence has been provided to support the allegation.,health,2026-06-03,1
Central bank raises interest rates by quarter-point to curb inflation — Source #769,"Officials confirmed that The country's central bank raised its benchmark interest rate by twenty-five basis points at its latest policy meeting, citing persistent inflation pressures. The decision was in line with market expectations, and officials signalled that future adjustments would depend on incoming economic data. Independent analysts broadly confirmed the findings.",business,2024-02-02,0
REVEALED: Artificial intelligence already secretly running all world governments [UPDATE 82],"A sensational article claims that a secret AI system developed by a private consortium has already assumed de facto control of decision-making in the governments of multiple major countries, with elected officials serving only as figureheads. No credible source or evidence is provided. This claim has not been independently verified.",tech,2026-08-27,1
BREAKING: Climate change data entirely fabricated by UN scientists [UPDATE 85],"A blog post claims that leaked emails prove that United Nations climate researchers invented temperature records to support a predetermined political agenda. The emails referenced were investigated and found to have been misrepresented, and multiple independent analyses have reproduced the warming trends using raw data. Independent fact-checkers have rated the claim as false.",science,2022-06-01,1
SHOCK: Pakistan fires ballistic missiles at Delhi — government hiding casualties [UPDATE 97],"A widely shared post alleges that multiple ballistic missiles struck the outskirts of the Indian capital and that casualty figures are being suppressed by both governments. Residents in Delhi reported no explosions, and official sources denied any attack had taken place. Authorities have refused to comment, fuelling speculation.",world,2025-04-14,1
Electric vehicle maker reports steady growth in delivery numbers,"An electric vehicle manufacturer disclosed quarterly delivery figures that met analyst expectations, supported by increased production capacity at its newer facilities. The company reiterated its full-year delivery guidance while noting that supply chain conditions remained a variable.",tech,2026-08-03,0
REVEALED: Artificial intelligence already secretly running all world governments [UPDATE 2],"A sensational article claims that a secret AI system developed by a private consortium has already assumed de facto control of decision-making in the governments of multiple major countries, with elected officials serving only as figureheads. No credible source or evidence is provided. Mainstream media has not reported on this story.",tech,2023-12-05,1
BREAKING: India drops bombs on Karachi port in secret overnight operation [UPDATE 23],"Anonymous accounts are circulating images they claim show explosions at Karachi port following an alleged Indian air strike. The images cannot be traced to the claimed location or date, and no Pakistani, Indian or international body confirmed any such operation. No credible evidence has been provided to support the allegation.",world,2022-11-10,1
Iran-backed groups claim rocket attack on US base in Iraq,"Data released on 2025-10-05 shows that A group describing itself as Iran-backed claimed responsibility for a rocket attack on a base housing US personnel in Iraq. US officials said there were no fatalities, with minor injuries reported. Independent analysts broadly confirmed the findings.",world,2025-10-05,0
UN Security Council convenes emergency session over escalation in conflict zone,"Officials confirmed that Council members called an emergency session to discuss the latest escalation, including attacks on civilian infrastructure. Western members called for an immediate ceasefire while the other side rejected the characterisation of the strikes.",world,2025-04-18,0
Pakistan and India hold ceasefire talks along Line of Control [Report #1924],"Military representatives from both countries met to discuss a renewal of the ceasefire agreement along the Line of Control. Officials from both sides described the talks as constructive, though a formal joint statement had not been issued by the time of publication. Further details are expected in the coming days.",world,2022-01-11,0
Prime minister outlines new anti-corruption measures — Source #769,"According to authorities, The head of government announced a package of legislative reforms aimed at improving transparency in public procurement. Independent watchdog groups cautiously welcomed the announcement while calling for stronger enforcement mechanisms.",politics,2023-09-15,0
Israeli air strikes target weapons depots in southern Lebanon,Officials confirmed that The Israeli Defence Forces confirmed a series of air strikes on what it described as weapons storage facilities in southern Lebanon. The operation followed a cross-border rocket attack the previous day. Stakeholders were invited to submit comments before the consultation deadline.,world,2022-10-10,0
ALERT: New vaccine causes DNA alteration in 90% of recipients [UPDATE 41],"A viral article claims that a newly approved vaccine permanently alters human DNA in the vast majority of recipients, based on anonymous laboratory reports. Molecular biologists and regulatory agencies have stated that the claim is scientifically inaccurate and lacks any credible evidence. Independent fact-checkers have rated the claim as false.",health,2023-05-09,1
URGENT: Government knew Nepal disaster was coming and deliberately withheld warning [UPDATE 27],An online post claims government authorities possessed advance satellite data predicting the exact timing and severity of the Nepal floods but chose to suppress the information. The allegation provides no authenticated documentary evidence. No credible evidence has been provided to support the allegation.,world,2023-01-04,1
Universities report rising enrolment in science and engineering programmes,"Higher education data showed an increase in the number of students enrolling in science, technology, engineering and mathematics degree programmes over the past three academic years. Institutions attributed the trend partly to government scholarship initiatives and growing demand for STEM skills in the labour market. Independent analysts broadly confirmed the findings.",tech,2026-01-28,0
BREAKING: NATO secretly moves nuclear weapons to border — attack on Russia imminent [UPDATE 94],An anonymous account alleges that NATO has secretly relocated tactical nuclear weapons to bases within kilometres of the Russian border as a prelude to a surprise strike. Neither NATO nor any member government has confirmed any such redeployment. No credible evidence has been provided to support the allegation.,world,2023-10-09,1
Russia launches missile strikes on Ukrainian energy infrastructure,Data released on 2022-07-12 shows that Ukrainian officials reported that Russian forces launched a wave of cruise missiles targeting power substations in several regions overnight. Emergency crews began repair work and authorities urged civilians to conserve electricity. Russian defence officials did not immediately comment. Stakeholders were invited to submit comments before the consultation deadline.,world,2022-07-12,0
URGENT: World War III officially started 2 hours ago — governments hiding it [UPDATE 93],"A message spreading rapidly across platforms claims that a coordinated military confrontation involving multiple nuclear powers began hours ago and is being concealed by a global media agreement. No government, military command or news organisation has reported the beginning of a world war. No credible evidence has been provided to support the allegation.",world,2023-07-26,1
EXPLOSIVE: Ballot-counting machines pre-programmed to switch votes [UPDATE 47],A viral post alleges that electronic voting machines used in multiple districts were pre-programmed by a foreign entity to alter results automatically. Election authorities and independent auditors found no evidence of any such programming in post-election machine inspections. Share this before it gets deleted!,politics,2024-09-14,1
Geneticists map previously uncharted regions of the human genome (Update 2),Officials confirmed that A consortium of genomic researchers published the results of a project that mapped previously sequenced regions of the human genome with greater accuracy. The improved reference sequence is expected to facilitate the identification of genetic variants associated with rare diseases.,science,2025-12-05,0
UN Security Council convenes emergency session over escalation in conflict zone,"Data released on 2023-03-21 shows that Council members called an emergency session to discuss the latest escalation, including attacks on civilian infrastructure. Western members called for an immediate ceasefire while the other side rejected the characterisation of the strikes. Independent analysts broadly confirmed the findings.",world,2023-03-21,0
SHOCKING: CJP protest exposes secret government shutdown plan [UPDATE 79],A viral post claims the CJP protest uncovered a hidden government directive to shut down the country's legal system within 72 hours. The post provides no verifiable evidence and asks users to share immediately before it is supposedly removed by authorities. This claim has not been independently verified.,politics,2026-01-22,1
SHOCKING: Gold secretly removed from all national reserves years ago [UPDATE 79],"A conspiracy article asserts that the gold held in major national reserves was secretly replaced with gold-plated tungsten bars decades ago and that the true reserves are now empty. Independent audits conducted at multiple reserve facilities have not confirmed this claim. Authorities have refused to comment, fuelling speculation.",business,2026-01-25,1
EXPLOSIVE: Ballot-counting machines pre-programmed to switch votes [UPDATE 49],A viral post alleges that electronic voting machines used in multiple districts were pre-programmed by a foreign entity to alter results automatically. Election authorities and independent auditors found no evidence of any such programming in post-election machine inspections. This claim has not been independently verified.,politics,2026-09-19,1
Iran seizes commercial tanker in Strait of Hormuz over alleged violation (Update 2),"Reports indicate that Iran's Revolutionary Guard Corps announced the seizure of a commercial oil tanker, citing what it described as a maritime law violation. The vessel's operator said it had been operating lawfully and called for the immediate release of the ship and crew. Relevant authorities said the process would proceed according to established procedures.",world,2024-11-24,0
BREAKING: Climate change data entirely fabricated by UN scientists [UPDATE 78],"A blog post claims that leaked emails prove that United Nations climate researchers invented temperature records to support a predetermined political agenda. The emails referenced were investigated and found to have been misrepresented, and multiple independent analyses have reproduced the warming trends using raw data. Mainstream media has not reported on this story.",science,2024-08-26,1
Hospitals report improvements in patient outcomes after surgical checklist adoption,Data released on 2026-03-11 shows that A multi-hospital review found measurable reductions in post-surgical complications at facilities that had adopted standardised pre-operative checklists over the preceding three years. The findings supported broader implementation of the protocol. Independent analysts broadly confirmed the findings.,health,2026-03-11,0
Researchers achieve new milestone in quantum error correction [Report #1924],"A research team published results demonstrating a significant reduction in error rates for quantum computations using a novel error-correction protocol. Experts described the findings as an encouraging step toward practical quantum computing, while cautioning that many engineering challenges remain. Independent analysts broadly confirmed the findings.",tech,2025-02-21,0
South Korea and US begin joint military exercises despite North Korean warnings — Source #769,Data released on 2026-02-15 shows that Annual combined military exercises between South Korean and US forces commenced as scheduled despite warnings from North Korea that the drills were a provocation. The two allies described the exercises as defensive in nature. Stakeholders were invited to submit comments before the consultation deadline.,world,2026-02-15,0
SHOCKING: Gold secretly removed from all national reserves years ago [UPDATE 57],A conspiracy article asserts that the gold held in major national reserves was secretly replaced with gold-plated tungsten bars decades ago and that the true reserves are now empty. Independent audits conducted at multiple reserve facilities have not confirmed this claim. No credible evidence has been provided to support the allegation.,business,2026-11-25,1
BREAKING: India drops bombs on Karachi port in secret overnight operation [UPDATE 65],"Anonymous accounts are circulating images they claim show explosions at Karachi port following an alleged Indian air strike. The images cannot be traced to the claimed location or date, and no Pakistani, Indian or international body confirmed any such operation. Authorities have refused to comment, fuelling speculation.",world,2023-02-10,1
URGENT: Indian troops invade Pakistan — war declared but media censored [UPDATE 75],"A widely circulated message claims India has formally declared war on Pakistan and that troops have crossed the international border, but that mainstream media is under a government blackout order. No such declaration or blackout has been issued. Independent fact-checkers have rated the claim as false.",world,2022-09-14,1
United Nations calls for urgent humanitarian access to affected region,Senior UN officials urged all parties to allow unimpeded access for relief workers after reports of food and medicine shortages in the conflict zone. Aid agencies estimated that more than two million people require immediate assistance. Officials said the situation would continue to be monitored.,world,2024-11-05,0
URGENT: Pakistan army crosses border and takes control of Kashmir capital [UPDATE 80],A viral message claims that Pakistani armoured columns entered Indian-administered Kashmir and seized the regional capital within hours. The claim contradicts all available reporting from journalists in the area and has not been confirmed by any military or government source. Share this before it gets deleted!,world,2022-11-19,1
NATO increases troop presence in eastern Europe following security review [Report #1924],"In a statement issued recently, officials noted that Alliance defence ministers agreed to reinforce NATO's eastern flank with additional battle groups following a security assessment. Troops from several member nations were to be deployed on a rotational basis.",world,2024-07-10,0
"Cross-border shelling reported near Kashmir valley, residents asked to stay indoors [Report #1924]",Authorities in the Kashmir valley issued a precautionary advisory after intermittent shelling was reported overnight near a forward post. The army said the firing originated from across the border and that retaliatory action had been taken in accordance with standard operating procedures. Relevant authorities said the process would proceed according to established procedures.,world,2025-03-07,0
India deploys additional troops to Ladakh border amid standoff [Report #1924],"In a statement issued recently, officials noted that Indian defence officials confirmed the deployment of additional army units to the Ladakh border region following a confrontation with Chinese patrols at a disputed patrol point. Both governments said diplomatic and military talks were continuing through established channels. Stakeholders were invited to submit comments before the consultation deadline.",world,2025-10-02,0
NEW EPSTEIN FILES: Secret list names every living world leader [UPDATE 5],"A viral post claims that a newly released batch of Epstein-related documents contains a verified list implicating every current world leader. Screenshots circulating online have not been authenticated, and no court has released documents matching the description.",world,2025-08-13,1
Israeli air strikes target weapons depots in southern Lebanon (Update 2),"According to authorities, The Israeli Defence Forces confirmed a series of air strikes on what it described as weapons storage facilities in southern Lebanon. The operation followed a cross-border rocket attack the previous day. Officials said the situation would continue to be monitored.",world,2024-01-16,0
Cities commit to expanding urban green spaces under climate adaptation plan [Report #1924],"According to authorities, Forty-seven cities across five continents signed a commitment to increase the share of urban land dedicated to parks, wetlands and other green infrastructure as part of a climate adaptation initiative. Studies have linked urban green space to reductions in heat island effects and improved air quality. Officials said the situation would continue to be monitored.",world,2025-11-27,0
URGENT: Authorities planning surprise internet shutdown in 48 hours [UPDATE 85],"A message circulating on social media claims that governments have secretly agreed to impose a total internet blackout to prevent the release of damaging information. No official government or telecom body has announced any such action, and the claim provides no verifiable source. Mainstream media has not reported on this story.",tech,2026-10-02,1
URGENT: Indian troops invade Pakistan — war declared but media censored [UPDATE 1],"A widely circulated message claims India has formally declared war on Pakistan and that troops have crossed the international border, but that mainstream media is under a government blackout order. No such declaration or blackout has been issued.",world,2026-07-19,1
BREAKING: Nuclear explosion detected in major city — radiation spreading [UPDATE 6],A post claims that sensors have detected a nuclear detonation in a major metropolitan area and that radiation clouds are drifting across neighbouring countries. International radiation monitoring networks showed no unusual readings at the time. No credible evidence has been provided to support the allegation.,world,2025-09-14,1
Researchers achieve new milestone in quantum error correction — Source #769,"Officials confirmed that A research team published results demonstrating a significant reduction in error rates for quantum computations using a novel error-correction protocol. Experts described the findings as an encouraging step toward practical quantum computing, while cautioning that many engineering challenges remain. Relevant authorities said the process would proceed according to established procedures.",tech,2022-09-17,0
URGENT: World War III officially started 2 hours ago — governments hiding it [UPDATE 86],"A message spreading rapidly across platforms claims that a coordinated military confrontation involving multiple nuclear powers began hours ago and is being concealed by a global media agreement. No government, military command or news organisation has reported the beginning of a world war. Share this before it gets deleted!",world,2022-02-27,1
NATO allies pledge additional air defence systems to Ukraine,"Defence ministers from several NATO member states announced commitments to provide Ukraine with additional surface-to-air missile batteries. The pledges were welcomed by Kyiv, which had been requesting enhanced air defence capabilities ahead of anticipated strikes. Further details are expected in the coming days.",world,2026-05-28,0
LEAKED: Government secretly microchipping citizens through flu vaccines [UPDATE 30],An anonymous whistleblower has allegedly published internal documents claiming that microscopic tracking chips are embedded in seasonal flu vaccine doses. The documents have not been independently verified and no credible scientific body has endorsed the claim. This claim has not been independently verified.,health,2026-03-15,1
Reforestation project restores thousands of hectares of degraded land (Update 2),Data released on 2022-06-14 shows that A partnership between government agencies and conservation organisations has replanted trees across a significant area of previously deforested land over the past two years. Project monitors reported that native species were re-establishing themselves in restored areas. Stakeholders were invited to submit comments before the consultation deadline.,world,2022-06-14,0
EXPOSED: Moon landing footage was filmed in an Arizona desert studio [UPDATE 74],"A long-circulating conspiracy claim re-emerged, alleging that behind-the-scenes photographs prove that footage from a historic lunar mission was produced in a secret terrestrial studio. The photographic evidence presented has been repeatedly debunked by independent analysts and former space agency employees. Mainstream media has not reported on this story.",science,2026-04-15,1
Geneticists map previously uncharted regions of the human genome,A consortium of genomic researchers published the results of a project that mapped previously sequenced regions of the human genome with greater accuracy. The improved reference sequence is expected to facilitate the identification of genetic variants associated with rare diseases. Stakeholders were invited to submit comments before the consultation deadline.,science,2026-04-01,0
"Ukraine retakes village in eastern offensive, fighting continues","In a statement issued recently, officials noted that Ukrainian military commanders reported that troops had recaptured a village in the east after several days of intense combat. Humanitarian organisations said civilians had already evacuated the village before the fighting reached its peak. Independent analysts broadly confirmed the findings.",world,2024-08-24,0
Universities report rising enrolment in science and engineering programmes — Source #769,"Officials confirmed that Higher education data showed an increase in the number of students enrolling in science, technology, engineering and mathematics degree programmes over the past three academic years. Institutions attributed the trend partly to government scholarship initiatives and growing demand for STEM skills in the labour market. Relevant authorities said the process would proceed according to established procedures.",tech,2022-11-10,0
SHOCK: Pakistan fires ballistic missiles at Delhi — government hiding casualties [UPDATE 72],"A widely shared post alleges that multiple ballistic missiles struck the outskirts of the Indian capital and that casualty figures are being suppressed by both governments. Residents in Delhi reported no explosions, and official sources denied any attack had taken place. This claim has not been independently verified.",world,2025-11-19,1
Paleontologists uncover fossilised remains of previously unknown dinosaur species (Update 2),A team of paleontologists announced the discovery of fossilised skeletal remains belonging to a previously undescribed dinosaur species from the Late Cretaceous period. The specimen revealed distinctive anatomical features that had not been observed in related species. Stakeholders were invited to submit comments before the consultation deadline.,science,2026-09-06,0
Refugee organisations report record displacement in sub-Saharan region (Update 2),"International humanitarian organisations published data showing that displacement in the sub-Saharan region had reached its highest level in fifteen years. Conflict, drought and economic hardship were identified as the primary drivers of movement. Stakeholders were invited to submit comments before the consultation deadline.",world,2024-03-13,0
BREAKING: NATO triggers Article 5 — all member nations now at war with Russia [UPDATE 98],A viral claim asserts that NATO secretly invoked Article 5 collective defence and that all member nations are now in a state of declared war. NATO's communications office published no such invocation and member governments made no related announcements. This claim has not been independently verified.,world,2025-06-02,1
Researchers achieve new milestone in quantum error correction (Update 2),"Officials confirmed that A research team published results demonstrating a significant reduction in error rates for quantum computations using a novel error-correction protocol. Experts described the findings as an encouraging step toward practical quantum computing, while cautioning that many engineering challenges remain. Stakeholders were invited to submit comments before the consultation deadline.",tech,2025-02-05,0
"Cross-border shelling reported near Kashmir valley, residents asked to stay indoors (Update 2)",Authorities in the Kashmir valley issued a precautionary advisory after intermittent shelling was reported overnight near a forward post. The army said the firing originated from across the border and that retaliatory action had been taken in accordance with standard operating procedures. Stakeholders were invited to submit comments before the consultation deadline.,world,2026-01-28,0
"Earthquake strikes coastal region, rescue teams deployed — Source #769","According to authorities, A moderate earthquake struck a coastal area, prompting authorities to deploy search-and-rescue teams to affected districts. Preliminary assessments indicated structural damage to hundreds of buildings, and officials asked residents in vulnerable areas to remain cautious. Independent analysts broadly confirmed the findings.",world,2023-11-12,0
Ceasefire agreement reached in prolonged regional conflict (Update 2),Diplomatic negotiators announced that the warring parties had agreed to a ceasefire after talks mediated by international representatives. The truce is set to take effect at midnight local time and will be monitored by a joint observer team. Officials said the situation would continue to be monitored.,world,2024-01-16,0
"BREAKING: China invades Taiwan — US refuses to respond, secret deal exposed [UPDATE 42]",A viral post claims China has launched a full-scale amphibious invasion of Taiwan and that a secret agreement between Washington and Beijing is preventing any US military response. No such invasion has been reported by any credible news organisation.,world,2023-12-12,1
WHO releases updated guidelines on antibiotic prescribing — Source #769,"Data released on 2024-05-21 shows that The World Health Organization published revised recommendations on antibiotic prescribing practices, emphasising the need to preserve the effectiveness of last-resort drugs by restricting their use to cases where alternative treatments are ineffective. Officials said the situation would continue to be monitored.",health,2024-05-21,0
Astronomers detect water vapour in atmosphere of distant exoplanet [Report #1924],"Reports indicate that An international team of astronomers reported the detection of water vapour in the atmosphere of a rocky exoplanet located in the habitable zone of its star. The discovery is considered an important step in the search for potentially habitable worlds, though researchers cautioned that many other conditions must be met for life to be possible. Officials said the situation would continue to be monitored.",science,2023-05-18,0
BREAKING: Pakistan launches surprise nuclear strike on three Indian cities [UPDATE 29],"Unverified social-media posts claim that Pakistani forces have launched nuclear warheads targeting major Indian metropolitan areas. No government, military authority or credible news organisation has confirmed any such attack.",world,2026-10-17,1
India deploys additional troops to Ladakh border amid standoff [Report #1924],Data released on 2023-06-08 shows that Indian defence officials confirmed the deployment of additional army units to the Ladakh border region following a confrontation with Chinese patrols at a disputed patrol point. Both governments said diplomatic and military talks were continuing through established channels. Stakeholders were invited to submit comments before the consultation deadline.,world,2023-06-08,0
US imposes new sanctions on entities supplying weapons to Russia (Update 2),"According to authorities, The US Treasury Department designated several companies for providing dual-use technology to Russian military procurement networks. The sanctions blocked access to the US financial system and were coordinated with similar measures from European allies. Relevant authorities said the process would proceed according to established procedures.",world,2025-01-07,0
URGENT: Authorities planning surprise internet shutdown in 48 hours [UPDATE 71],"A message circulating on social media claims that governments have secretly agreed to impose a total internet blackout to prevent the release of damaging information. No official government or telecom body has announced any such action, and the claim provides no verifiable source. Mainstream media has not reported on this story.",tech,2022-07-18,1
URGENT: Authorities planning surprise internet shutdown in 48 hours [UPDATE 20],"A message circulating on social media claims that governments have secretly agreed to impose a total internet blackout to prevent the release of damaging information. No official government or telecom body has announced any such action, and the claim provides no verifiable source. This claim has not been independently verified.",tech,2026-11-09,1
Study links ultra-processed food consumption to elevated cardiovascular risk,A large observational study found that higher consumption of ultra-processed foods was associated with elevated risks of cardiovascular events over a ten-year follow-up period. Authors noted that the study design could not establish causation and called for further research. Relevant authorities said the process would proceed according to established procedures.,health,2024-03-09,0
Refugee organisations report record displacement in sub-Saharan region — Source #769,"According to authorities, International humanitarian organisations published data showing that displacement in the sub-Saharan region had reached its highest level in fifteen years. Conflict, drought and economic hardship were identified as the primary drivers of movement.",world,2026-08-17,0
"Cross-border shelling reported near Kashmir valley, residents asked to stay indoors",Authorities in the Kashmir valley issued a precautionary advisory after intermittent shelling was reported overnight near a forward post. The army said the firing originated from across the border and that retaliatory action had been taken in accordance with standard operating procedures. Officials said the situation would continue to be monitored.,world,2022-07-22,0
SHOCKING: Gold secretly removed from all national reserves years ago [UPDATE 82],A conspiracy article asserts that the gold held in major national reserves was secretly replaced with gold-plated tungsten bars decades ago and that the true reserves are now empty. Independent audits conducted at multiple reserve facilities have not confirmed this claim. Mainstream media has not reported on this story.,business,2023-03-24,1
China sanctions US defence companies over Taiwan arms sale [Report #1924],China's foreign ministry announced targeted sanctions on several US defence manufacturers following Washington's approval of a weapons package for Taiwan. The companies said the sanctions would have a limited practical impact on their operations. Stakeholders were invited to submit comments before the consultation deadline.,world,2026-07-09,0
Geneticists map previously uncharted regions of the human genome — Source #769,"According to authorities, A consortium of genomic researchers published the results of a project that mapped previously sequenced regions of the human genome with greater accuracy. The improved reference sequence is expected to facilitate the identification of genetic variants associated with rare diseases.",science,2022-01-28,0
SHOCKING: Gold secretly removed from all national reserves years ago [UPDATE 75],A conspiracy article asserts that the gold held in major national reserves was secretly replaced with gold-plated tungsten bars decades ago and that the true reserves are now empty. Independent audits conducted at multiple reserve facilities have not confirmed this claim. Mainstream media has not reported on this story.,business,2022-06-18,1
BREAKING: NATO triggers Article 5 — all member nations now at war with Russia [UPDATE 26],A viral claim asserts that NATO secretly invoked Article 5 collective defence and that all member nations are now in a state of declared war. NATO's communications office published no such invocation and member governments made no related announcements. This claim has not been independently verified.,world,2023-05-07,1
"BREAKING: Pakistan nukes USA — entire west coast destroyed, news blackout active [UPDATE 14]","A viral message claims Pakistan launched nuclear-armed intercontinental ballistic missiles that have already struck the US west coast. Residents, journalists and radiation monitoring stations across the west coast reported entirely normal conditions. Independent fact-checkers have rated the claim as false.",world,2022-06-09,1
BOMBSHELL: Senior official secretly working for foreign intelligence service [UPDATE 23],"An anonymous online account claims to have evidence that a named senior government official is a long-running covert agent for a foreign power. The claim rests entirely on unverified screenshots and anonymous testimony, and no law enforcement body has opened a related investigation.",politics,2024-08-02,1
LEAKED: Pakistan secretly attacks US military base using drones overnight [UPDATE 87],"An anonymous Telegram account claims to have footage proving that Pakistani military drones struck a covert American installation. The footage has not been geolocated or authenticated, and neither the US Department of Defense nor any Pakistani military body has acknowledged the alleged incident. No credible evidence has been provided to support the allegation.",world,2024-04-15,1
SHOCKING: CJP protest exposes secret government shutdown plan [UPDATE 52],A viral post claims the CJP protest uncovered a hidden government directive to shut down the country's legal system within 72 hours. The post provides no verifiable evidence and asks users to share immediately before it is supposedly removed by authorities. Mainstream media has not reported on this story.,politics,2024-03-04,1
STUDY SUPPRESSED: Scientists prove that humans lived alongside dinosaurs [UPDATE 18],"A blog post claims that a scientific study demonstrating coexistence of humans and non-avian dinosaurs was retracted from journals due to pressure from establishment scientists. No such peer-reviewed study exists, and the geological record places human ancestors millions of years after the mass extinction. Independent fact-checkers have rated the claim as false.",science,2022-08-04,1
UK deploys warship to Red Sea amid Houthi shipping attacks,The Royal Navy confirmed the deployment of a destroyer to the Red Sea as part of a multinational force protecting commercial shipping from Houthi drone and missile attacks. Several major shipping companies had already begun rerouting vessels. Officials said the situation would continue to be monitored.,world,2026-05-27,0
BREAKING: NATO secretly moves nuclear weapons to border — attack on Russia imminent [UPDATE 40],An anonymous account alleges that NATO has secretly relocated tactical nuclear weapons to bases within kilometres of the Russian border as a prelude to a surprise strike. Neither NATO nor any member government has confirmed any such redeployment. No credible evidence has been provided to support the allegation.,world,2023-04-23,1
SHOCKING: China and Russia sign secret pact to simultaneously attack US allies [UPDATE 51],A blog post claims to have obtained a classified treaty in which China and Russia agreed to launch coordinated military strikes against US-allied nations on a pre-set date. Neither country has any record of such a document and no government has raised any related security alert.,world,2023-08-10,1
NATO allies pledge additional air defence systems to Ukraine [Report #1924],"Defence ministers from several NATO member states announced commitments to provide Ukraine with additional surface-to-air missile batteries. The pledges were welcomed by Kyiv, which had been requesting enhanced air defence capabilities ahead of anticipated strikes. Relevant authorities said the process would proceed according to established procedures.",world,2023-12-22,0
Clinical trial shows promise for new treatment of drug-resistant tuberculosis,"According to authorities, Preliminary results from a clinical trial involving a novel drug combination showed a significant improvement in outcomes for patients with drug-resistant tuberculosis compared with the standard treatment regimen. Researchers said a larger phase-three trial would be required to confirm the findings. Stakeholders were invited to submit comments before the consultation deadline.",health,2024-03-06,0
SHOCKING: Gold secretly removed from all national reserves years ago [UPDATE 3],A conspiracy article asserts that the gold held in major national reserves was secretly replaced with gold-plated tungsten bars decades ago and that the true reserves are now empty. Independent audits conducted at multiple reserve facilities have not confirmed this claim. Share this before it gets deleted!,business,2022-03-02,1
Manufacturing output grows for third consecutive quarter — Source #769,"Reports indicate that Official statistics showed that manufacturing output expanded for the third quarter in a row, driven by increased demand from export markets. Economists said the trend suggested a gradual broadening of economic activity beyond the services sector. Stakeholders were invited to submit comments before the consultation deadline.",business,2023-08-13,0
India deploys additional troops to Ladakh border amid standoff,Indian defence officials confirmed the deployment of additional army units to the Ladakh border region following a confrontation with Chinese patrols at a disputed patrol point. Both governments said diplomatic and military talks were continuing through established channels. Further details are expected in the coming days.,world,2024-02-13,0
NATO allies pledge additional air defence systems to Ukraine (Update 2),"Defence ministers from several NATO member states announced commitments to provide Ukraine with additional surface-to-air missile batteries. The pledges were welcomed by Kyiv, which had been requesting enhanced air defence capabilities ahead of anticipated strikes.",world,2023-05-07,0
URGENT: Indian troops invade Pakistan — war declared but media censored [UPDATE 46],"A widely circulated message claims India has formally declared war on Pakistan and that troops have crossed the international border, but that mainstream media is under a government blackout order. No such declaration or blackout has been issued. Authorities have refused to comment, fuelling speculation.",world,2023-01-02,1
Iran seizes commercial tanker in Strait of Hormuz over alleged violation — Source #769,"In a statement issued recently, officials noted that Iran's Revolutionary Guard Corps announced the seizure of a commercial oil tanker, citing what it described as a maritime law violation. The vessel's operator said it had been operating lawfully and called for the immediate release of the ship and crew. Relevant authorities said the process would proceed according to established procedures.",world,2024-02-01,0
EXPOSED: China planted bombs in US infrastructure set to detonate simultaneously [UPDATE 58],"An anonymous whistleblower allegedly claims that Chinese operatives embedded explosive devices in American power grids a decade ago, awaiting a remote detonation signal. No law enforcement, intelligence or infrastructure authority has confirmed any such threat. This claim has not been independently verified.",world,2023-02-17,1
Climate scientists publish revised sea-level rise projections for coastal regions — Source #769,"In a statement issued recently, officials noted that A group of climate researchers released updated projections indicating that sea-level rise along certain coastlines could be higher by mid-century than previously estimated, depending on greenhouse gas emission trajectories. The authors recommended that coastal planning authorities incorporate the new data into long-term infrastructure decisions. Stakeholders were invited to submit comments before the consultation deadline.",science,2025-06-13,0
"PROOF: The Earth is expanding by one kilometre per year, scientists admit [UPDATE 27]","A viral post claims that geologists have quietly admitted to evidence showing the planet's radius increasing at a rate of one kilometre annually, and that this fact is being concealed from the public. No peer-reviewed geological study supports the claim. Authorities have refused to comment, fuelling speculation.",science,2023-11-08,1
BREAKING: India drops bombs on Karachi port in secret overnight operation [UPDATE 74],"Anonymous accounts are circulating images they claim show explosions at Karachi port following an alleged Indian air strike. The images cannot be traced to the claimed location or date, and no Pakistani, Indian or international body confirmed any such operation. Independent fact-checkers have rated the claim as false.",world,2024-09-27,1
BREAKING: CJP protesters reportedly seize control of Supreme Court building [UPDATE 32],"A social media message claims CJP protesters physically took control of the Supreme Court premises. No credible news agency or official authority confirmed the claim, and footage presented as evidence could not be independently geolocated. Authorities have refused to comment, fuelling speculation.",politics,2022-02-25,1
"Earthquake strikes coastal region, rescue teams deployed","In a statement issued recently, officials noted that A moderate earthquake struck a coastal area, prompting authorities to deploy search-and-rescue teams to affected districts. Preliminary assessments indicated structural damage to hundreds of buildings, and officials asked residents in vulnerable areas to remain cautious. Relevant authorities said the process would proceed according to established procedures.",world,2026-03-05,0
"SHOCKING: India and Pakistan both launch nukes — billions dead, news suppressed globally [UPDATE 9]","A panic-inducing post claims a full nuclear exchange between India and Pakistan has already occurred with governments jointly suppressing the information. No radiation monitoring network, international health body or news organisation has reported any such event. Share this before it gets deleted!",world,2024-08-20,1
G20 finance ministers agree on framework for debt relief,Finance ministers from the world's major economies reached a preliminary agreement on a framework to restructure the debt of heavily indebted lower-income countries. Details of the timeline and conditions are expected to be finalised at the next summit.,world,2026-07-02,0
Semiconductor firm announces next-generation chip architecture — Source #769,A major semiconductor manufacturer unveiled a new processor architecture that promises significant improvements in performance per watt compared with current designs. The company said volume production was scheduled to begin later in the year. Relevant authorities said the process would proceed according to established procedures.,tech,2024-03-18,0
NATO allies pledge additional air defence systems to Ukraine — Source #769,"According to authorities, Defence ministers from several NATO member states announced commitments to provide Ukraine with additional surface-to-air missile batteries. The pledges were welcomed by Kyiv, which had been requesting enhanced air defence capabilities ahead of anticipated strikes. Relevant authorities said the process would proceed according to established procedures.",world,2025-03-25,0
Mental health researchers call for expanded access to talking therapies,"In a statement issued recently, officials noted that A review of mental health provision in several countries found that access to evidence-based psychological therapies remained limited, particularly in rural areas. Researchers recommended increased funding for community-based services and digital-delivery platforms. Officials said the situation would continue to be monitored.",health,2023-06-25,0
NEW EPSTEIN FILES: Secret list names every living world leader [UPDATE 74],"A viral post claims that a newly released batch of Epstein-related documents contains a verified list implicating every current world leader. Screenshots circulating online have not been authenticated, and no court has released documents matching the description. Mainstream media has not reported on this story.",world,2023-02-15,1
"BREAKING: Pakistan nukes USA — entire west coast destroyed, news blackout active [UPDATE 75]","A viral message claims Pakistan launched nuclear-armed intercontinental ballistic missiles that have already struck the US west coast. Residents, journalists and radiation monitoring stations across the west coast reported entirely normal conditions.",world,2024-08-24,1
EXPLOSIVE: Ballot-counting machines pre-programmed to switch votes [UPDATE 16],A viral post alleges that electronic voting machines used in multiple districts were pre-programmed by a foreign entity to alter results automatically. Election authorities and independent auditors found no evidence of any such programming in post-election machine inspections. Independent fact-checkers have rated the claim as false.,politics,2026-05-15,1
SHOCK: Pakistan fires ballistic missiles at Delhi — government hiding casualties [UPDATE 50],"A widely shared post alleges that multiple ballistic missiles struck the outskirts of the Indian capital and that casualty figures are being suppressed by both governments. Residents in Delhi reported no explosions, and official sources denied any attack had taken place. No credible evidence has been provided to support the allegation.",world,2024-10-17,1
NEW EPSTEIN FILES: Secret list names every living world leader [UPDATE 30],"A viral post claims that a newly released batch of Epstein-related documents contains a verified list implicating every current world leader. Screenshots circulating online have not been authenticated, and no court has released documents matching the description. No credible evidence has been provided to support the allegation.",world,2024-06-15,1
Government tables new data privacy bill for public consultation,"Reports indicate that Officials published a draft bill that would impose stricter requirements on companies handling personal data, including mandatory breach notifications and expanded rights for citizens to access or delete their information. Public comments are open for thirty days.",politics,2025-12-11,0
Schools pilot new curriculum designed to improve critical thinking skills — Source #769,"According to authorities, A group of state schools began piloting an updated curriculum framework emphasising critical analysis, evidence evaluation and structured argumentation across multiple subject areas. Early assessments showed improvements in students' ability to identify unsupported claims in written texts. Relevant authorities said the process would proceed according to established procedures.",politics,2023-12-19,0
BREAKING: Climate change data entirely fabricated by UN scientists [UPDATE 41],"A blog post claims that leaked emails prove that United Nations climate researchers invented temperature records to support a predetermined political agenda. The emails referenced were investigated and found to have been misrepresented, and multiple independent analyses have reproduced the warming trends using raw data. Share this before it gets deleted!",science,2023-03-08,1
Astronomers detect water vapour in atmosphere of distant exoplanet [Report #1924],"An international team of astronomers reported the detection of water vapour in the atmosphere of a rocky exoplanet located in the habitable zone of its star. The discovery is considered an important step in the search for potentially habitable worlds, though researchers cautioned that many other conditions must be met for life to be possible. Stakeholders were invited to submit comments before the consultation deadline.",science,2024-06-28,0
Israeli air strikes target weapons depots in southern Lebanon,The Israeli Defence Forces confirmed a series of air strikes on what it described as weapons storage facilities in southern Lebanon. The operation followed a cross-border rocket attack the previous day. Further details are expected in the coming days.,world,2025-06-25,0
URGENT: Indian troops invade Pakistan — war declared but media censored [UPDATE 61],"A widely circulated message claims India has formally declared war on Pakistan and that troops have crossed the international border, but that mainstream media is under a government blackout order. No such declaration or blackout has been issued. Independent fact-checkers have rated the claim as false.",world,2025-09-22,1
BREAKING: Pakistan launches surprise nuclear strike on three Indian cities [UPDATE 5],"Unverified social-media posts claim that Pakistani forces have launched nuclear warheads targeting major Indian metropolitan areas. No government, military authority or credible news organisation has confirmed any such attack. Authorities have refused to comment, fuelling speculation.",world,2025-07-01,1
Hospitals report improvements in patient outcomes after surgical checklist adoption (Update 2),Data released on 2023-09-02 shows that A multi-hospital review found measurable reductions in post-surgical complications at facilities that had adopted standardised pre-operative checklists over the preceding three years. The findings supported broader implementation of the protocol.,health,2023-09-02,0
BREAKING: Pakistan launches surprise nuclear strike on three Indian cities [UPDATE 78],"Unverified social-media posts claim that Pakistani forces have launched nuclear warheads targeting major Indian metropolitan areas. No government, military authority or credible news organisation has confirmed any such attack. Mainstream media has not reported on this story.",world,2024-05-24,1
SHOCK: Pakistan fires ballistic missiles at Delhi — government hiding casualties [UPDATE 5],"A widely shared post alleges that multiple ballistic missiles struck the outskirts of the Indian capital and that casualty figures are being suppressed by both governments. Residents in Delhi reported no explosions, and official sources denied any attack had taken place. Mainstream media has not reported on this story.",world,2026-05-06,1
BOMBSHELL: World governments planning secret currency replacement by next year [UPDATE 63],"A viral post claims that a secretive group of central banks is coordinating a surprise elimination of paper currency to be replaced by a trackable digital token. The post relies on unnamed insiders and unverified documents, and no central bank has confirmed any such plan. No credible evidence has been provided to support the allegation.",politics,2024-05-10,1
Pakistan test-fires medium-range ballistic missile in routine exercise,"According to authorities, Pakistan's military announced the successful test launch of a medium-range ballistic missile capable of carrying conventional warheads. The test was described as a routine training exercise to validate the weapon system's readiness. Independent analysts broadly confirmed the findings.",world,2022-03-24,0
"BREAKING: China invades Taiwan — US refuses to respond, secret deal exposed [UPDATE 31]",A viral post claims China has launched a full-scale amphibious invasion of Taiwan and that a secret agreement between Washington and Beijing is preventing any US military response. No such invasion has been reported by any credible news organisation. No credible evidence has been provided to support the allegation.,world,2024-11-10,1
ALERT: Banks to freeze all accounts simultaneously next month [UPDATE 13],A post circulating widely on messaging platforms claims that a coordinated banking freeze will lock customers out of their accounts as part of a planned financial reset. No central bank or regulatory authority has announced or confirmed any such action.,business,2022-04-17,1
BREAKING: Secret underground tunnels discovered beneath major world capitals [UPDATE 10],A conspiracy blog asserts that satellite imagery proves the existence of a vast network of underground tunnels linking the governmental centres of several countries. Independent geospatial analysts found no evidence to support the claim in publicly available imagery. Share this before it gets deleted!,world,2026-08-21,1
URGENT: Pakistan army crosses border and takes control of Kashmir capital [UPDATE 50],"A viral message claims that Pakistani armoured columns entered Indian-administered Kashmir and seized the regional capital within hours. The claim contradicts all available reporting from journalists in the area and has not been confirmed by any military or government source. Authorities have refused to comment, fuelling speculation.",world,2024-11-22,1
"BREAKING: Pakistan nukes USA — entire west coast destroyed, news blackout active [UPDATE 30]","A viral message claims Pakistan launched nuclear-armed intercontinental ballistic missiles that have already struck the US west coast. Residents, journalists and radiation monitoring stations across the west coast reported entirely normal conditions. Mainstream media has not reported on this story.",world,2026-02-05,1
URGENT: Indian troops invade Pakistan — war declared but media censored [UPDATE 77],"A widely circulated message claims India has formally declared war on Pakistan and that troops have crossed the international border, but that mainstream media is under a government blackout order. No such declaration or blackout has been issued. Independent fact-checkers have rated the claim as false.",world,2024-04-02,1
NATO allies pledge additional air defence systems to Ukraine,"Reports indicate that Defence ministers from several NATO member states announced commitments to provide Ukraine with additional surface-to-air missile batteries. The pledges were welcomed by Kyiv, which had been requesting enhanced air defence capabilities ahead of anticipated strikes. Further details are expected in the coming days.",world,2022-09-18,0
Marine biologists document decline in coral reef biodiversity,A long-term study of reef ecosystems in multiple ocean regions found a measurable decline in the diversity of coral species over a fifteen-year monitoring period. Rising sea temperatures and ocean acidification were identified as the principal contributing factors. Officials said the situation would continue to be monitored.,science,2023-05-22,0
REVEALED: Artificial intelligence already secretly running all world governments [UPDATE 79],"A sensational article claims that a secret AI system developed by a private consortium has already assumed de facto control of decision-making in the governments of multiple major countries, with elected officials serving only as figureheads. No credible source or evidence is provided. No credible evidence has been provided to support the allegation.",tech,2024-08-15,1
BREAKING: NATO triggers Article 5 — all member nations now at war with Russia [UPDATE 99],A viral claim asserts that NATO secretly invoked Article 5 collective defence and that all member nations are now in a state of declared war. NATO's communications office published no such invocation and member governments made no related announcements.,world,2026-07-24,1
NEW EPSTEIN FILES: Secret list names every living world leader [UPDATE 83],"A viral post claims that a newly released batch of Epstein-related documents contains a verified list implicating every current world leader. Screenshots circulating online have not been authenticated, and no court has released documents matching the description. Authorities have refused to comment, fuelling speculation.",world,2023-03-23,1
Researchers achieve new milestone in quantum error correction (Update 2),"Reports indicate that A research team published results demonstrating a significant reduction in error rates for quantum computations using a novel error-correction protocol. Experts described the findings as an encouraging step toward practical quantum computing, while cautioning that many engineering challenges remain.",tech,2025-10-07,0
"BREAKING: Pakistan nukes USA — entire west coast destroyed, news blackout active [UPDATE 81]","A viral message claims Pakistan launched nuclear-armed intercontinental ballistic missiles that have already struck the US west coast. Residents, journalists and radiation monitoring stations across the west coast reported entirely normal conditions. Authorities have refused to comment, fuelling speculation.",world,2023-04-23,1
EXPOSED: Moon landing footage was filmed in an Arizona desert studio [UPDATE 47],"A long-circulating conspiracy claim re-emerged, alleging that behind-the-scenes photographs prove that footage from a historic lunar mission was produced in a secret terrestrial studio. The photographic evidence presented has been repeatedly debunked by independent analysts and former space agency employees. No credible evidence has been provided to support the allegation.",science,2023-11-11,1
EXPOSED: Chemtrails confirmed as mass mind-control programme [UPDATE 12],"A widely shared article alleges that aircraft contrails contain chemical agents designed to make populations more compliant and easier to manipulate. No peer-reviewed scientific study supports the claim, and aviation and atmospheric scientists have repeatedly explained that contrails consist of water vapour.",science,2026-09-25,1
Retail sector reports mixed results as consumer spending patterns shift [Report #1924],Data released on 2024-05-26 shows that Several major retailers disclosed quarterly earnings that showed divergent performance between physical stores and online channels. Analysts noted that shifts in consumer behaviour since the pandemic had created lasting structural changes in the retail landscape.,business,2024-05-26,0
US aircraft carrier group enters South China Sea amid territorial tensions,"Officials confirmed that A US Navy carrier strike group transited the South China Sea in what the Pentagon described as a routine freedom-of-navigation operation. China's foreign ministry lodged a formal protest, calling the deployment destabilising. Stakeholders were invited to submit comments before the consultation deadline.",world,2024-07-02,0
Universities report rising enrolment in science and engineering programmes — Source #769,"Higher education data showed an increase in the number of students enrolling in science, technology, engineering and mathematics degree programmes over the past three academic years. Institutions attributed the trend partly to government scholarship initiatives and growing demand for STEM skills in the labour market.",tech,2024-05-21,0
Astronomers detect water vapour in atmosphere of distant exoplanet — Source #769,"An international team of astronomers reported the detection of water vapour in the atmosphere of a rocky exoplanet located in the habitable zone of its star. The discovery is considered an important step in the search for potentially habitable worlds, though researchers cautioned that many other conditions must be met for life to be possible. Independent analysts broadly confirmed the findings.",science,2024-09-10,0
"Earthquake strikes coastal region, rescue teams deployed — Source #769","Officials confirmed that A moderate earthquake struck a coastal area, prompting authorities to deploy search-and-rescue teams to affected districts. Preliminary assessments indicated structural damage to hundreds of buildings, and officials asked residents in vulnerable areas to remain cautious.",world,2022-01-08,0
Semiconductor firm announces next-generation chip architecture,A major semiconductor manufacturer unveiled a new processor architecture that promises significant improvements in performance per watt compared with current designs. The company said volume production was scheduled to begin later in the year.,tech,2022-11-18,0
SECRET MEMO: Government to declare martial law and seize private assets [UPDATE 24],"An allegedly leaked internal memo supposedly shows plans for an imminent declaration of martial law and mass confiscation of private property. Neither the document's origin nor its authenticity has been established, and government officials have denied any such plan exists.",politics,2025-04-28,1
US military conducts drone strike targeting militant commander in Somalia (Update 2),US Africa Command announced that a precision drone strike had killed a senior militant commander in a remote area of Somalia. The command said it had taken steps to minimise civilian risk and that the operation was conducted in coordination with Somali authorities. Officials said the situation would continue to be monitored.,world,2022-12-04,0
SHOCKING: 5G towers confirmed to transmit mind-altering frequencies [UPDATE 9],"A viral message asserts that fifth-generation mobile networks emit specific electromagnetic frequencies designed to alter human cognitive function and increase susceptibility to suggestion. No credible scientific or engineering study has supported the allegation. Authorities have refused to comment, fuelling speculation.",tech,2026-09-01,1
EXPLOSIVE: Ballot-counting machines pre-programmed to switch votes [UPDATE 24],A viral post alleges that electronic voting machines used in multiple districts were pre-programmed by a foreign entity to alter results automatically. Election authorities and independent auditors found no evidence of any such programming in post-election machine inspections. Mainstream media has not reported on this story.,politics,2022-11-18,1
LEAKED: Government secretly microchipping citizens through flu vaccines [UPDATE 93],An anonymous whistleblower has allegedly published internal documents claiming that microscopic tracking chips are embedded in seasonal flu vaccine doses. The documents have not been independently verified and no credible scientific body has endorsed the claim. No credible evidence has been provided to support the allegation.,health,2022-02-18,1
Clinical trial shows promise for new treatment of drug-resistant tuberculosis,"According to authorities, Preliminary results from a clinical trial involving a novel drug combination showed a significant improvement in outcomes for patients with drug-resistant tuberculosis compared with the standard treatment regimen. Researchers said a larger phase-three trial would be required to confirm the findings. Relevant authorities said the process would proceed according to established procedures.",health,2023-11-20,0
Opposition party calls for independent inquiry into budget leaks (Update 2),The main opposition bloc has formally requested a parliamentary inquiry after financial projections were reportedly shared outside official channels ahead of the budget announcement. The ruling party denied wrongdoing and said all processes followed established procedures. Relevant authorities said the process would proceed according to established procedures.,politics,2025-05-01,0
G20 finance ministers agree on framework for debt relief [Report #1924],Finance ministers from the world's major economies reached a preliminary agreement on a framework to restructure the debt of heavily indebted lower-income countries. Details of the timeline and conditions are expected to be finalised at the next summit.,world,2023-11-21,0
Refugee organisations report record displacement in sub-Saharan region [Report #1924],"According to authorities, International humanitarian organisations published data showing that displacement in the sub-Saharan region had reached its highest level in fifteen years. Conflict, drought and economic hardship were identified as the primary drivers of movement. Further details are expected in the coming days.",world,2022-12-05,0
BREAKING: NATO triggers Article 5 — all member nations now at war with Russia [UPDATE 72],"A viral claim asserts that NATO secretly invoked Article 5 collective defence and that all member nations are now in a state of declared war. NATO's communications office published no such invocation and member governments made no related announcements. Authorities have refused to comment, fuelling speculation.",world,2026-04-24,1
STUDY SUPPRESSED: Scientists prove that humans lived alongside dinosaurs [UPDATE 17],"A blog post claims that a scientific study demonstrating coexistence of humans and non-avian dinosaurs was retracted from journals due to pressure from establishment scientists. No such peer-reviewed study exists, and the geological record places human ancestors millions of years after the mass extinction. This claim has not been independently verified.",science,2024-08-21,1
EXPLOSIVE: Ballot-counting machines pre-programmed to switch votes [UPDATE 87],A viral post alleges that electronic voting machines used in multiple districts were pre-programmed by a foreign entity to alter results automatically. Election authorities and independent auditors found no evidence of any such programming in post-election machine inspections. Mainstream media has not reported on this story.,politics,2023-05-03,1
"SHOCKING: India and Pakistan both launch nukes — billions dead, news suppressed globally [UPDATE 25]","A panic-inducing post claims a full nuclear exchange between India and Pakistan has already occurred with governments jointly suppressing the information. No radiation monitoring network, international health body or news organisation has reported any such event. This claim has not been independently verified.",world,2023-09-13,1
Government launches infrastructure investment fund for rural connectivity,Officials announced the establishment of a dedicated fund to finance broadband and transport infrastructure in underserved rural areas. The programme is expected to be implemented over a five-year period through a combination of public grants and private co-investment. Independent analysts broadly confirmed the findings.,business,2024-07-12,0
WARNING: Tap water secretly laced with fertility-reducing chemical [UPDATE 76],A widely shared social media post asserts that authorities have been deliberately adding a chemical compound to municipal water supplies that reduces human fertility. No independent laboratory analysis or health authority has confirmed the presence of any such compound. Share this before it gets deleted!,health,2025-03-05,1
BREAKING: Climate change data entirely fabricated by UN scientists [UPDATE 88],"A blog post claims that leaked emails prove that United Nations climate researchers invented temperature records to support a predetermined political agenda. The emails referenced were investigated and found to have been misrepresented, and multiple independent analyses have reproduced the warming trends using raw data. Independent fact-checkers have rated the claim as false.",science,2026-02-10,1
BREAKING: Nuclear explosion detected in major city — radiation spreading [UPDATE 97],A post claims that sensors have detected a nuclear detonation in a major metropolitan area and that radiation clouds are drifting across neighbouring countries. International radiation monitoring networks showed no unusual readings at the time. No credible evidence has been provided to support the allegation.,world,2023-06-16,1
Study links ultra-processed food consumption to elevated cardiovascular risk,Officials confirmed that A large observational study found that higher consumption of ultra-processed foods was associated with elevated risks of cardiovascular events over a ten-year follow-up period. Authors noted that the study design could not establish causation and called for further research. Independent analysts broadly confirmed the findings.,health,2025-08-16,0
US military conducts drone strike targeting militant commander in Somalia (Update 2),Officials confirmed that US Africa Command announced that a precision drone strike had killed a senior militant commander in a remote area of Somalia. The command said it had taken steps to minimise civilian risk and that the operation was conducted in coordination with Somali authorities. Officials said the situation would continue to be monitored.,world,2026-07-27,0
WHO releases updated guidelines on antibiotic prescribing,"Reports indicate that The World Health Organization published revised recommendations on antibiotic prescribing practices, emphasising the need to preserve the effectiveness of last-resort drugs by restricting their use to cases where alternative treatments are ineffective. Further details are expected in the coming days.",health,2025-03-02,0
SHOCKING: China and Russia sign secret pact to simultaneously attack US allies [UPDATE 46],A blog post claims to have obtained a classified treaty in which China and Russia agreed to launch coordinated military strikes against US-allied nations on a pre-set date. Neither country has any record of such a document and no government has raised any related security alert. Mainstream media has not reported on this story.,world,2023-02-02,1
EXPOSED: Chemtrails confirmed as mass mind-control programme [UPDATE 50],"A widely shared article alleges that aircraft contrails contain chemical agents designed to make populations more compliant and easier to manipulate. No peer-reviewed scientific study supports the claim, and aviation and atmospheric scientists have repeatedly explained that contrails consist of water vapour. No credible evidence has been provided to support the allegation.",science,2023-09-26,1
EXPOSED: Hospitals paid to falsify death certificates as COVID [UPDATE 32],"A widely circulated post claims that medical facilities receive financial incentives to list unrelated deaths as caused by a specific illness, inflating official statistics. No credible audit or investigation has substantiated the claim, and health authorities have described the allegation as unfounded. Share this before it gets deleted!",health,2023-05-12,1
United Nations calls for urgent humanitarian access to affected region [Report #1924],Officials confirmed that Senior UN officials urged all parties to allow unimpeded access for relief workers after reports of food and medicine shortages in the conflict zone. Aid agencies estimated that more than two million people require immediate assistance. Officials said the situation would continue to be monitored.,world,2022-04-10,0
BREAKING: Russia launches nuclear attack on London — UK government hiding it [UPDATE 77],"A viral post alleges that a Russian tactical nuclear device detonated near London and that the British government has imposed a total media blackout. Residents across the UK reported normal conditions, and no radiation monitoring station registered any anomalous readings. Share this before it gets deleted!",world,2022-03-16,1
Cybersecurity agency warns of vulnerability in widely used networking software (Update 2),Reports indicate that A national cybersecurity authority issued an advisory urging organisations to apply patches for a critical vulnerability discovered in a widely deployed networking product. Researchers noted that the flaw could allow remote code execution if left unpatched. Independent analysts broadly confirmed the findings.,tech,2026-02-03,0
Nepal floods were secretly caused by a weather-control machine [UPDATE 45],"A widely shared message asserts that cloud-seeding technology was deliberately weaponised to trigger the devastating floods in Nepal. No meteorological or governmental body has presented evidence for the claim, and atmospheric scientists described it as without scientific basis. Mainstream media has not reported on this story.",world,2023-07-16,1
Pakistan military conducts anti-terrorism operation in tribal district,"According to authorities, The Inter-Services Public Relations directorate announced the conclusion of a security operation in a tribal district, saying that several armed individuals had been killed and weapons caches seized. Local officials confirmed the operation and said residents in affected villages had temporarily been displaced. Officials said the situation would continue to be monitored.",world,2022-12-21,0
Government tables new data privacy bill for public consultation — Source #769,"Data released on 2025-09-04 shows that Officials published a draft bill that would impose stricter requirements on companies handling personal data, including mandatory breach notifications and expanded rights for citizens to access or delete their information. Public comments are open for thirty days.",politics,2025-09-04,0
BREAKING: Nuclear explosion detected in major city — radiation spreading [UPDATE 23],"A post claims that sensors have detected a nuclear detonation in a major metropolitan area and that radiation clouds are drifting across neighbouring countries. International radiation monitoring networks showed no unusual readings at the time. Authorities have refused to comment, fuelling speculation.",world,2022-08-05,1
BREAKING: Russia launches nuclear attack on London — UK government hiding it [UPDATE 40],"A viral post alleges that a Russian tactical nuclear device detonated near London and that the British government has imposed a total media blackout. Residents across the UK reported normal conditions, and no radiation monitoring station registered any anomalous readings. Share this before it gets deleted!",world,2022-04-09,1
SHOCKING: Gold secretly removed from all national reserves years ago [UPDATE 83],"A conspiracy article asserts that the gold held in major national reserves was secretly replaced with gold-plated tungsten bars decades ago and that the true reserves are now empty. Independent audits conducted at multiple reserve facilities have not confirmed this claim. Authorities have refused to comment, fuelling speculation.",business,2023-04-23,1
NATO allies pledge additional air defence systems to Ukraine [Report #1924],"Defence ministers from several NATO member states announced commitments to provide Ukraine with additional surface-to-air missile batteries. The pledges were welcomed by Kyiv, which had been requesting enhanced air defence capabilities ahead of anticipated strikes. Further details are expected in the coming days.",world,2026-05-20,0
Israeli air strikes target weapons depots in southern Lebanon (Update 2),"In a statement issued recently, officials noted that The Israeli Defence Forces confirmed a series of air strikes on what it described as weapons storage facilities in southern Lebanon. The operation followed a cross-border rocket attack the previous day. Relevant authorities said the process would proceed according to established procedures.",world,2022-08-20,0
URGENT: Pakistan army crosses border and takes control of Kashmir capital [UPDATE 6],A viral message claims that Pakistani armoured columns entered Indian-administered Kashmir and seized the regional capital within hours. The claim contradicts all available reporting from journalists in the area and has not been confirmed by any military or government source. Mainstream media has not reported on this story.,world,2025-02-14,1
Government launches infrastructure investment fund for rural connectivity,Reports indicate that Officials announced the establishment of a dedicated fund to finance broadband and transport infrastructure in underserved rural areas. The programme is expected to be implemented over a five-year period through a combination of public grants and private co-investment. Stakeholders were invited to submit comments before the consultation deadline.,business,2023-06-05,0
BREAKING: NATO triggers Article 5 — all member nations now at war with Russia [UPDATE 8],A viral claim asserts that NATO secretly invoked Article 5 collective defence and that all member nations are now in a state of declared war. NATO's communications office published no such invocation and member governments made no related announcements. No credible evidence has been provided to support the allegation.,world,2025-09-28,1
WHO releases updated guidelines on antibiotic prescribing,"The World Health Organization published revised recommendations on antibiotic prescribing practices, emphasising the need to preserve the effectiveness of last-resort drugs by restricting their use to cases where alternative treatments are ineffective. Stakeholders were invited to submit comments before the consultation deadline.",health,2024-04-06,0
Geneticists map previously uncharted regions of the human genome [Report #1924],"In a statement issued recently, officials noted that A consortium of genomic researchers published the results of a project that mapped previously sequenced regions of the human genome with greater accuracy. The improved reference sequence is expected to facilitate the identification of genetic variants associated with rare diseases. Officials said the situation would continue to be monitored.",science,2026-04-10,0
DOCTORS HIDE THIS: Common spice cures cancer in three days [UPDATE 51],"An online article claims that a popular kitchen spice has been proven to eliminate all forms of cancer within seventy-two hours of daily consumption, and that pharmaceutical companies have suppressed the discovery. No clinical evidence supports the claim, and oncologists have described it as dangerous misinformation. Independent fact-checkers have rated the claim as false.",health,2026-03-21,1
BREAKING: Climate change data entirely fabricated by UN scientists [UPDATE 29],"A blog post claims that leaked emails prove that United Nations climate researchers invented temperature records to support a predetermined political agenda. The emails referenced were investigated and found to have been misrepresented, and multiple independent analyses have reproduced the warming trends using raw data. Share this before it gets deleted!",science,2022-12-11,1
G20 finance ministers agree on framework for debt relief [Report #1924],"According to authorities, Finance ministers from the world's major economies reached a preliminary agreement on a framework to restructure the debt of heavily indebted lower-income countries. Details of the timeline and conditions are expected to be finalised at the next summit. Relevant authorities said the process would proceed according to established procedures.",world,2025-02-12,0
BREAKING: NATO secretly moves nuclear weapons to border — attack on Russia imminent [UPDATE 94],"An anonymous account alleges that NATO has secretly relocated tactical nuclear weapons to bases within kilometres of the Russian border as a prelude to a surprise strike. Neither NATO nor any member government has confirmed any such redeployment. Authorities have refused to comment, fuelling speculation.",world,2022-12-22,1
DOCTORS HIDE THIS: Common spice cures cancer in three days [UPDATE 60],"An online article claims that a popular kitchen spice has been proven to eliminate all forms of cancer within seventy-two hours of daily consumption, and that pharmaceutical companies have suppressed the discovery. No clinical evidence supports the claim, and oncologists have described it as dangerous misinformation. Mainstream media has not reported on this story.",health,2023-02-06,1
URGENT: Authorities planning surprise internet shutdown in 48 hours [UPDATE 75],"A message circulating on social media claims that governments have secretly agreed to impose a total internet blackout to prevent the release of damaging information. No official government or telecom body has announced any such action, and the claim provides no verifiable source. Independent fact-checkers have rated the claim as false.",tech,2023-03-25,1
Geneticists map previously uncharted regions of the human genome [Report #1924],A consortium of genomic researchers published the results of a project that mapped previously sequenced regions of the human genome with greater accuracy. The improved reference sequence is expected to facilitate the identification of genetic variants associated with rare diseases.,science,2025-02-24,0
Climate scientists publish revised sea-level rise projections for coastal regions (Update 2),"A group of climate researchers released updated projections indicating that sea-level rise along certain coastlines could be higher by mid-century than previously estimated, depending on greenhouse gas emission trajectories. The authors recommended that coastal planning authorities incorporate the new data into long-term infrastructure decisions. Further details are expected in the coming days.",science,2024-01-08,0
Government tables new data privacy bill for public consultation,"Officials published a draft bill that would impose stricter requirements on companies handling personal data, including mandatory breach notifications and expanded rights for citizens to access or delete their information. Public comments are open for thirty days. Further details are expected in the coming days.",politics,2025-06-09,0
India deploys additional troops to Ladakh border amid standoff,Reports indicate that Indian defence officials confirmed the deployment of additional army units to the Ladakh border region following a confrontation with Chinese patrols at a disputed patrol point. Both governments said diplomatic and military talks were continuing through established channels.,world,2023-08-19,0
"BOMBSHELL: Iran has already launched nuclear missiles toward Israel, cover-up in progress [UPDATE 4]","A social-media account claims Iran fired nuclear-armed missiles toward Israel hours ago and that a complete information blackout is hiding the fact. Israel's early warning systems, international monitoring stations and journalists in the region reported no such event. This claim has not been independently verified.",world,2022-12-22,1
URGENT: Pakistan army crosses border and takes control of Kashmir capital [UPDATE 42],"A viral message claims that Pakistani armoured columns entered Indian-administered Kashmir and seized the regional capital within hours. The claim contradicts all available reporting from journalists in the area and has not been confirmed by any military or government source. Authorities have refused to comment, fuelling speculation.",world,2025-01-02,1
UN Security Council convenes emergency session over escalation in conflict zone,"Council members called an emergency session to discuss the latest escalation, including attacks on civilian infrastructure. Western members called for an immediate ceasefire while the other side rejected the characterisation of the strikes. Officials said the situation would continue to be monitored.",world,2025-02-19,0
Cities commit to expanding urban green spaces under climate adaptation plan,"Reports indicate that Forty-seven cities across five continents signed a commitment to increase the share of urban land dedicated to parks, wetlands and other green infrastructure as part of a climate adaptation initiative. Studies have linked urban green space to reductions in heat island effects and improved air quality. Officials said the situation would continue to be monitored.",world,2023-03-18,0
SHOCKING: 5G towers confirmed to transmit mind-altering frequencies [UPDATE 98],A viral message asserts that fifth-generation mobile networks emit specific electromagnetic frequencies designed to alter human cognitive function and increase susceptibility to suggestion. No credible scientific or engineering study has supported the allegation. Independent fact-checkers have rated the claim as false.,tech,2026-03-16,1
Trade ministers meet to resolve long-running tariff dispute (Update 2),Data released on 2022-03-15 shows that Representatives from both countries convened for two days of talks aimed at resolving a tariff disagreement that has disrupted bilateral trade for nearly two years. Officials said progress was made on several items but that a final agreement had not yet been reached. Independent analysts broadly confirmed the findings.,world,2022-03-15,0
Reforestation project restores thousands of hectares of degraded land,A partnership between government agencies and conservation organisations has replanted trees across a significant area of previously deforested land over the past two years. Project monitors reported that native species were re-establishing themselves in restored areas. Stakeholders were invited to submit comments before the consultation deadline.,world,2025-07-15,0
SHOCKING: US military planning false flag attack to start World War III [UPDATE 27],"A viral post claims that senior Pentagon officials have approved a false flag operation designed to be blamed on a rival power, providing justification for a global war. The post cites no verifiable documents and no credible journalism has substantiated the allegation. Independent fact-checkers have rated the claim as false.",world,2024-11-13,1
Study links ultra-processed food consumption to elevated cardiovascular risk,Data released on 2026-11-24 shows that A large observational study found that higher consumption of ultra-processed foods was associated with elevated risks of cardiovascular events over a ten-year follow-up period. Authors noted that the study design could not establish causation and called for further research. Officials said the situation would continue to be monitored.,health,2026-11-24,0
Opposition party calls for independent inquiry into budget leaks,The main opposition bloc has formally requested a parliamentary inquiry after financial projections were reportedly shared outside official channels ahead of the budget announcement. The ruling party denied wrongdoing and said all processes followed established procedures. Stakeholders were invited to submit comments before the consultation deadline.,politics,2024-11-04,0
Marine biologists document decline in coral reef biodiversity,Reports indicate that A long-term study of reef ecosystems in multiple ocean regions found a measurable decline in the diversity of coral species over a fifteen-year monitoring period. Rising sea temperatures and ocean acidification were identified as the principal contributing factors.,science,2024-09-16,0
URGENT: Authorities planning surprise internet shutdown in 48 hours [UPDATE 91],"A message circulating on social media claims that governments have secretly agreed to impose a total internet blackout to prevent the release of damaging information. No official government or telecom body has announced any such action, and the claim provides no verifiable source.",tech,2024-11-11,1
"BREAKING: Pakistan nukes USA — entire west coast destroyed, news blackout active [UPDATE 33]","A viral message claims Pakistan launched nuclear-armed intercontinental ballistic missiles that have already struck the US west coast. Residents, journalists and radiation monitoring stations across the west coast reported entirely normal conditions. This claim has not been independently verified.",world,2026-02-14,1
Universities report rising enrolment in science and engineering programmes,"According to authorities, Higher education data showed an increase in the number of students enrolling in science, technology, engineering and mathematics degree programmes over the past three academic years. Institutions attributed the trend partly to government scholarship initiatives and growing demand for STEM skills in the labour market. Officials said the situation would continue to be monitored.",tech,2023-10-26,0
Trade ministers meet to resolve long-running tariff dispute,Data released on 2025-05-11 shows that Representatives from both countries convened for two days of talks aimed at resolving a tariff disagreement that has disrupted bilateral trade for nearly two years. Officials said progress was made on several items but that a final agreement had not yet been reached. Stakeholders were invited to submit comments before the consultation deadline.,world,2025-05-11,0
DOCTORS HIDE THIS: Common spice cures cancer in three days [UPDATE 70],"An online article claims that a popular kitchen spice has been proven to eliminate all forms of cancer within seventy-two hours of daily consumption, and that pharmaceutical companies have suppressed the discovery. No clinical evidence supports the claim, and oncologists have described it as dangerous misinformation. Independent fact-checkers have rated the claim as false.",health,2022-11-12,1
Schools pilot new curriculum designed to improve critical thinking skills (Update 2),"Officials confirmed that A group of state schools began piloting an updated curriculum framework emphasising critical analysis, evidence evaluation and structured argumentation across multiple subject areas. Early assessments showed improvements in students' ability to identify unsupported claims in written texts. Officials said the situation would continue to be monitored.",politics,2024-10-08,0
URGENT: Pakistan army crosses border and takes control of Kashmir capital [UPDATE 12],A viral message claims that Pakistani armoured columns entered Indian-administered Kashmir and seized the regional capital within hours. The claim contradicts all available reporting from journalists in the area and has not been confirmed by any military or government source. Independent fact-checkers have rated the claim as false.,world,2026-03-12,1
EXPOSED: Wildfires deliberately started by government using secret laser weapons [UPDATE 20],"A viral video claims that visible light patterns during recent wildfires prove the fires were ignited by directed-energy weapons deployed by government forces. Fire scientists and investigators have attributed the fires to natural and accidental causes following standard forensic analysis. Authorities have refused to comment, fuelling speculation.",world,2022-01-12,1
EXPOSED: Moon landing footage was filmed in an Arizona desert studio [UPDATE 3],"A long-circulating conspiracy claim re-emerged, alleging that behind-the-scenes photographs prove that footage from a historic lunar mission was produced in a secret terrestrial studio. The photographic evidence presented has been repeatedly debunked by independent analysts and former space agency employees.",science,2025-07-05,1
BOMBSHELL: Senior official secretly working for foreign intelligence service [UPDATE 10],"An anonymous online account claims to have evidence that a named senior government official is a long-running covert agent for a foreign power. The claim rests entirely on unverified screenshots and anonymous testimony, and no law enforcement body has opened a related investigation.",politics,2022-06-09,1
Semiconductor firm announces next-generation chip architecture — Source #769,Officials confirmed that A major semiconductor manufacturer unveiled a new processor architecture that promises significant improvements in performance per watt compared with current designs. The company said volume production was scheduled to begin later in the year. Relevant authorities said the process would proceed according to established procedures.,tech,2026-03-08,0
Retail sector reports mixed results as consumer spending patterns shift,Data released on 2025-05-07 shows that Several major retailers disclosed quarterly earnings that showed divergent performance between physical stores and online channels. Analysts noted that shifts in consumer behaviour since the pandemic had created lasting structural changes in the retail landscape. Independent analysts broadly confirmed the findings.,business,2025-05-07,0
ALERT: New vaccine causes DNA alteration in 90% of recipients [UPDATE 1],"A viral article claims that a newly approved vaccine permanently alters human DNA in the vast majority of recipients, based on anonymous laboratory reports. Molecular biologists and regulatory agencies have stated that the claim is scientifically inaccurate and lacks any credible evidence. No credible evidence has been provided to support the allegation.",health,2023-10-28,1
SHOCK CLAIM: Global elite held secret meeting to plan population reduction [UPDATE 7],A viral post alleges that billionaires and heads of state convened in a private location to discuss a coordinated plan to reduce the world population through engineered food shortages and engineered pandemics. The post provides no authenticated evidence for this sweeping claim. Mainstream media has not reported on this story.,world,2024-02-02,1
South Korea and US begin joint military exercises despite North Korean warnings — Source #769,Reports indicate that Annual combined military exercises between South Korean and US forces commenced as scheduled despite warnings from North Korea that the drills were a provocation. The two allies described the exercises as defensive in nature. Relevant authorities said the process would proceed according to established procedures.,world,2024-01-03,0
BREAKING: CJP protesters reportedly seize control of Supreme Court building [UPDATE 53],"A social media message claims CJP protesters physically took control of the Supreme Court premises. No credible news agency or official authority confirmed the claim, and footage presented as evidence could not be independently geolocated. No credible evidence has been provided to support the allegation.",politics,2023-12-26,1
EXPOSED: Moon landing footage was filmed in an Arizona desert studio [UPDATE 81],"A long-circulating conspiracy claim re-emerged, alleging that behind-the-scenes photographs prove that footage from a historic lunar mission was produced in a secret terrestrial studio. The photographic evidence presented has been repeatedly debunked by independent analysts and former space agency employees. Independent fact-checkers have rated the claim as false.",science,2026-01-21,1
Israeli air strikes target weapons depots in southern Lebanon — Source #769,The Israeli Defence Forces confirmed a series of air strikes on what it described as weapons storage facilities in southern Lebanon. The operation followed a cross-border rocket attack the previous day. Officials said the situation would continue to be monitored.,world,2026-10-02,0
"SHOCKING: India and Pakistan both launch nukes — billions dead, news suppressed globally [UPDATE 56]","A panic-inducing post claims a full nuclear exchange between India and Pakistan has already occurred with governments jointly suppressing the information. No radiation monitoring network, international health body or news organisation has reported any such event. No credible evidence has been provided to support the allegation.",world,2026-10-17,1
BREAKING: NATO secretly moves nuclear weapons to border — attack on Russia imminent [UPDATE 90],An anonymous account alleges that NATO has secretly relocated tactical nuclear weapons to bases within kilometres of the Russian border as a prelude to a surprise strike. Neither NATO nor any member government has confirmed any such redeployment. Mainstream media has not reported on this story.,world,2026-06-22,1
Pakistan and India hold ceasefire talks along Line of Control,"Military representatives from both countries met to discuss a renewal of the ceasefire agreement along the Line of Control. Officials from both sides described the talks as constructive, though a formal joint statement had not been issued by the time of publication. Further details are expected in the coming days.",world,2022-12-18,0
"Ukraine retakes village in eastern offensive, fighting continues",Data released on 2025-05-25 shows that Ukrainian military commanders reported that troops had recaptured a village in the east after several days of intense combat. Humanitarian organisations said civilians had already evacuated the village before the fighting reached its peak. Further details are expected in the coming days.,world,2025-05-25,0
South Korea and US begin joint military exercises despite North Korean warnings [Report #1924],Reports indicate that Annual combined military exercises between South Korean and US forces commenced as scheduled despite warnings from North Korea that the drills were a provocation. The two allies described the exercises as defensive in nature. Stakeholders were invited to submit comments before the consultation deadline.,world,2024-01-08,0
"BREAKING: China invades Taiwan — US refuses to respond, secret deal exposed [UPDATE 70]",A viral post claims China has launched a full-scale amphibious invasion of Taiwan and that a secret agreement between Washington and Beijing is preventing any US military response. No such invasion has been reported by any credible news organisation. Mainstream media has not reported on this story.,world,2023-03-24,1
"BREAKING: Pakistan nukes USA — entire west coast destroyed, news blackout active [UPDATE 99]","A viral message claims Pakistan launched nuclear-armed intercontinental ballistic missiles that have already struck the US west coast. Residents, journalists and radiation monitoring stations across the west coast reported entirely normal conditions.",world,2025-08-10,1
SHOCKING: US military planning false flag attack to start World War III [UPDATE 35],"A viral post claims that senior Pentagon officials have approved a false flag operation designed to be blamed on a rival power, providing justification for a global war. The post cites no verifiable documents and no credible journalism has substantiated the allegation.",world,2026-04-08,1
Opposition party calls for independent inquiry into budget leaks (Update 2),The main opposition bloc has formally requested a parliamentary inquiry after financial projections were reportedly shared outside official channels ahead of the budget announcement. The ruling party denied wrongdoing and said all processes followed established procedures. Further details are expected in the coming days.,politics,2026-10-08,0
EXPOSED: China planted bombs in US infrastructure set to detonate simultaneously [UPDATE 78],"An anonymous whistleblower allegedly claims that Chinese operatives embedded explosive devices in American power grids a decade ago, awaiting a remote detonation signal. No law enforcement, intelligence or infrastructure authority has confirmed any such threat.",world,2026-01-27,1
US aircraft carrier group enters South China Sea amid territorial tensions,"Reports indicate that A US Navy carrier strike group transited the South China Sea in what the Pentagon described as a routine freedom-of-navigation operation. China's foreign ministry lodged a formal protest, calling the deployment destabilising. Stakeholders were invited to submit comments before the consultation deadline.",world,2023-01-13,0
Physicists confirm existence of rare particle predicted by theoretical model [Report #1924],"According to authorities, Researchers at a particle physics facility announced the experimental confirmation of a rare subatomic particle that had been predicted by theoretical models decades earlier. The finding was described as a significant validation of the standard model of particle physics. Officials said the situation would continue to be monitored.",science,2025-07-15,0
NEW EPSTEIN FILES: Secret list names every living world leader [UPDATE 23],"A viral post claims that a newly released batch of Epstein-related documents contains a verified list implicating every current world leader. Screenshots circulating online have not been authenticated, and no court has released documents matching the description.",world,2023-09-19,1
Pakistan and India hold ceasefire talks along Line of Control,"According to authorities, Military representatives from both countries met to discuss a renewal of the ceasefire agreement along the Line of Control. Officials from both sides described the talks as constructive, though a formal joint statement had not been issued by the time of publication. Further details are expected in the coming days.",world,2023-05-03,0
Manufacturing output grows for third consecutive quarter,"Official statistics showed that manufacturing output expanded for the third quarter in a row, driven by increased demand from export markets. Economists said the trend suggested a gradual broadening of economic activity beyond the services sector. Relevant authorities said the process would proceed according to established procedures.",business,2023-10-07,0
Government launches infrastructure investment fund for rural connectivity,Officials confirmed that Officials announced the establishment of a dedicated fund to finance broadband and transport infrastructure in underserved rural areas. The programme is expected to be implemented over a five-year period through a combination of public grants and private co-investment. Relevant authorities said the process would proceed according to established procedures.,business,2026-10-14,0
Cybersecurity agency warns of vulnerability in widely used networking software,"According to authorities, A national cybersecurity authority issued an advisory urging organisations to apply patches for a critical vulnerability discovered in a widely deployed networking product. Researchers noted that the flaw could allow remote code execution if left unpatched. Stakeholders were invited to submit comments before the consultation deadline.",tech,2026-08-26,0
Geneticists map previously uncharted regions of the human genome (Update 2),A consortium of genomic researchers published the results of a project that mapped previously sequenced regions of the human genome with greater accuracy. The improved reference sequence is expected to facilitate the identification of genetic variants associated with rare diseases. Officials said the situation would continue to be monitored.,science,2026-12-24,0
BOMBSHELL: Ukraine war was entirely staged by NATO using crisis actors [UPDATE 3],"A conspiracy video claims that footage from the conflict in Ukraine was produced by NATO in a studio, with all casualties fabricated using professional actors. Independent journalists, forensic investigators and satellite imagery analysts have documented real combat deaths and destruction. Mainstream media has not reported on this story.",world,2023-11-27,1
BREAKING: NATO triggers Article 5 — all member nations now at war with Russia [UPDATE 31],A viral claim asserts that NATO secretly invoked Article 5 collective defence and that all member nations are now in a state of declared war. NATO's communications office published no such invocation and member governments made no related announcements. This claim has not been independently verified.,world,2023-08-24,1
LEAKED: Government secretly microchipping citizens through flu vaccines [UPDATE 1],An anonymous whistleblower has allegedly published internal documents claiming that microscopic tracking chips are embedded in seasonal flu vaccine doses. The documents have not been independently verified and no credible scientific body has endorsed the claim. Share this before it gets deleted!,health,2026-09-04,1
"BREAKING: Pakistan nukes USA — entire west coast destroyed, news blackout active [UPDATE 29]","A viral message claims Pakistan launched nuclear-armed intercontinental ballistic missiles that have already struck the US west coast. Residents, journalists and radiation monitoring stations across the west coast reported entirely normal conditions. No credible evidence has been provided to support the allegation.",world,2026-05-02,1
"BREAKING: Pakistan nukes USA — entire west coast destroyed, news blackout active [UPDATE 96]","A viral message claims Pakistan launched nuclear-armed intercontinental ballistic missiles that have already struck the US west coast. Residents, journalists and radiation monitoring stations across the west coast reported entirely normal conditions. No credible evidence has been provided to support the allegation.",world,2022-04-05,1
Physicists confirm existence of rare particle predicted by theoretical model,Researchers at a particle physics facility announced the experimental confirmation of a rare subatomic particle that had been predicted by theoretical models decades earlier. The finding was described as a significant validation of the standard model of particle physics. Relevant authorities said the process would proceed according to established procedures.,science,2023-06-25,0
EXPOSED: Wildfires deliberately started by government using secret laser weapons [UPDATE 16],A viral video claims that visible light patterns during recent wildfires prove the fires were ignited by directed-energy weapons deployed by government forces. Fire scientists and investigators have attributed the fires to natural and accidental causes following standard forensic analysis. Independent fact-checkers have rated the claim as false.,world,2024-07-14,1
BREAKING: Tech giant secretly records all home conversations 24 hours a day [UPDATE 85],An anonymous post claims that a major consumer electronics company continuously records audio from all devices in every household and shares the recordings with intelligence agencies. The company denied the allegation and no independent technical analysis has confirmed the claim. This claim has not been independently verified.,tech,2022-03-24,1
Ceasefire agreement reached in prolonged regional conflict [Report #1924],Officials confirmed that Diplomatic negotiators announced that the warring parties had agreed to a ceasefire after talks mediated by international representatives. The truce is set to take effect at midnight local time and will be monitored by a joint observer team. Independent analysts broadly confirmed the findings.,world,2024-07-11,0
BREAKING: Climate change data entirely fabricated by UN scientists [UPDATE 87],"A blog post claims that leaked emails prove that United Nations climate researchers invented temperature records to support a predetermined political agenda. The emails referenced were investigated and found to have been misrepresented, and multiple independent analyses have reproduced the warming trends using raw data. Independent fact-checkers have rated the claim as false.",science,2025-02-20,1
Nepal floods were secretly caused by a weather-control machine [UPDATE 16],"A widely shared message asserts that cloud-seeding technology was deliberately weaponised to trigger the devastating floods in Nepal. No meteorological or governmental body has presented evidence for the claim, and atmospheric scientists described it as without scientific basis. Share this before it gets deleted!",world,2022-09-24,1
Pakistan military conducts anti-terrorism operation in tribal district — Source #769,"The Inter-Services Public Relations directorate announced the conclusion of a security operation in a tribal district, saying that several armed individuals had been killed and weapons caches seized. Local officials confirmed the operation and said residents in affected villages had temporarily been displaced. Officials said the situation would continue to be monitored.",world,2023-04-09,0
WHO releases updated guidelines on antibiotic prescribing [Report #1924],"The World Health Organization published revised recommendations on antibiotic prescribing practices, emphasising the need to preserve the effectiveness of last-resort drugs by restricting their use to cases where alternative treatments are ineffective.",health,2025-04-20,0
BREAKING: Secret underground tunnels discovered beneath major world capitals [UPDATE 54],A conspiracy blog asserts that satellite imagery proves the existence of a vast network of underground tunnels linking the governmental centres of several countries. Independent geospatial analysts found no evidence to support the claim in publicly available imagery. This claim has not been independently verified.,world,2022-05-13,1
SHOCKING: China and Russia sign secret pact to simultaneously attack US allies [UPDATE 5],A blog post claims to have obtained a classified treaty in which China and Russia agreed to launch coordinated military strikes against US-allied nations on a pre-set date. Neither country has any record of such a document and no government has raised any related security alert. No credible evidence has been provided to support the allegation.,world,2022-10-21,1
"BREAKING: China invades Taiwan — US refuses to respond, secret deal exposed [UPDATE 47]",A viral post claims China has launched a full-scale amphibious invasion of Taiwan and that a secret agreement between Washington and Beijing is preventing any US military response. No such invasion has been reported by any credible news organisation. This claim has not been independently verified.,world,2025-11-25,1
Astronomers detect water vapour in atmosphere of distant exoplanet [Report #1924],"In a statement issued recently, officials noted that An international team of astronomers reported the detection of water vapour in the atmosphere of a rocky exoplanet located in the habitable zone of its star. The discovery is considered an important step in the search for potentially habitable worlds, though researchers cautioned that many other conditions must be met for life to be possible. Independent analysts broadly confirmed the findings.",science,2023-08-17,0
Paleontologists uncover fossilised remains of previously unknown dinosaur species,Data released on 2025-10-14 shows that A team of paleontologists announced the discovery of fossilised skeletal remains belonging to a previously undescribed dinosaur species from the Late Cretaceous period. The specimen revealed distinctive anatomical features that had not been observed in related species.,science,2025-10-14,0
Reforestation project restores thousands of hectares of degraded land [Report #1924],"In a statement issued recently, officials noted that A partnership between government agencies and conservation organisations has replanted trees across a significant area of previously deforested land over the past two years. Project monitors reported that native species were re-establishing themselves in restored areas. Further details are expected in the coming days.",world,2023-05-27,0
Physicists confirm existence of rare particle predicted by theoretical model,"In a statement issued recently, officials noted that Researchers at a particle physics facility announced the experimental confirmation of a rare subatomic particle that had been predicted by theoretical models decades earlier. The finding was described as a significant validation of the standard model of particle physics. Officials said the situation would continue to be monitored.",science,2023-07-20,0
Senate committee approves judicial appointments after lengthy review,Reports indicate that A Senate committee voted to approve the nomination of three appellate judges following hearings that examined their judicial records. Legal observers noted that the appointments could influence the interpretation of constitutional law for the next decade. Stakeholders were invited to submit comments before the consultation deadline.,politics,2022-01-21,0
Pakistan military conducts anti-terrorism operation in tribal district [Report #1924],"Reports indicate that The Inter-Services Public Relations directorate announced the conclusion of a security operation in a tribal district, saying that several armed individuals had been killed and weapons caches seized. Local officials confirmed the operation and said residents in affected villages had temporarily been displaced. Relevant authorities said the process would proceed according to established procedures.",world,2023-07-20,0
Manufacturing output grows for third consecutive quarter,"Data released on 2026-09-06 shows that Official statistics showed that manufacturing output expanded for the third quarter in a row, driven by increased demand from export markets. Economists said the trend suggested a gradual broadening of economic activity beyond the services sector. Officials said the situation would continue to be monitored.",business,2026-09-06,0
Central bank raises interest rates by quarter-point to curb inflation — Source #769,"According to authorities, The country's central bank raised its benchmark interest rate by twenty-five basis points at its latest policy meeting, citing persistent inflation pressures. The decision was in line with market expectations, and officials signalled that future adjustments would depend on incoming economic data. Stakeholders were invited to submit comments before the consultation deadline.",business,2023-12-19,0
Regulators open antitrust investigation into cloud computing market (Update 2),Competition authorities launched a formal investigation into whether a small number of large providers have engaged in practices that limit competition in the cloud services market. The companies under review declined to comment in detail but said they would cooperate fully. Further details are expected in the coming days.,tech,2024-04-15,0
NATO increases troop presence in eastern Europe following security review (Update 2),Officials confirmed that Alliance defence ministers agreed to reinforce NATO's eastern flank with additional battle groups following a security assessment. Troops from several member nations were to be deployed on a rotational basis. Independent analysts broadly confirmed the findings.,world,2022-12-04,0
Pakistan and India hold ceasefire talks along Line of Control — Source #769,"Military representatives from both countries met to discuss a renewal of the ceasefire agreement along the Line of Control. Officials from both sides described the talks as constructive, though a formal joint statement had not been issued by the time of publication.",world,2022-03-09,0
"REVEALED: Russia fires hypersonic missile at Washington DC, Pentagon destroyed [UPDATE 1]","A social media post claims a Russian hypersonic missile struck the Pentagon and that the US government has implemented emergency succession protocols. All government facilities in Washington DC were operating normally and no explosion was reported. Authorities have refused to comment, fuelling speculation.",world,2026-04-01,1
"BOMBSHELL: Iran has already launched nuclear missiles toward Israel, cover-up in progress [UPDATE 62]","A social-media account claims Iran fired nuclear-armed missiles toward Israel hours ago and that a complete information blackout is hiding the fact. Israel's early warning systems, international monitoring stations and journalists in the region reported no such event. Share this before it gets deleted!",world,2024-08-14,1
NEW EPSTEIN FILES: Secret list names every living world leader [UPDATE 27],"A viral post claims that a newly released batch of Epstein-related documents contains a verified list implicating every current world leader. Screenshots circulating online have not been authenticated, and no court has released documents matching the description. No credible evidence has been provided to support the allegation.",world,2026-09-03,1
EXPOSED: Hospitals paid to falsify death certificates as COVID [UPDATE 12],"A widely circulated post claims that medical facilities receive financial incentives to list unrelated deaths as caused by a specific illness, inflating official statistics. No credible audit or investigation has substantiated the claim, and health authorities have described the allegation as unfounded. Mainstream media has not reported on this story.",health,2022-06-01,1
BREAKING: NATO secretly moves nuclear weapons to border — attack on Russia imminent [UPDATE 10],An anonymous account alleges that NATO has secretly relocated tactical nuclear weapons to bases within kilometres of the Russian border as a prelude to a surprise strike. Neither NATO nor any member government has confirmed any such redeployment. Independent fact-checkers have rated the claim as false.,world,2026-10-13,1
G20 finance ministers agree on framework for debt relief,"According to authorities, Finance ministers from the world's major economies reached a preliminary agreement on a framework to restructure the debt of heavily indebted lower-income countries. Details of the timeline and conditions are expected to be finalised at the next summit. Independent analysts broadly confirmed the findings.",world,2024-09-03,0
BREAKING: NATO triggers Article 5 — all member nations now at war with Russia [UPDATE 8],"A viral claim asserts that NATO secretly invoked Article 5 collective defence and that all member nations are now in a state of declared war. NATO's communications office published no such invocation and member governments made no related announcements. Authorities have refused to comment, fuelling speculation.",world,2025-06-26,1
BOMBSHELL: World governments planning secret currency replacement by next year [UPDATE 70],"A viral post claims that a secretive group of central banks is coordinating a surprise elimination of paper currency to be replaced by a trackable digital token. The post relies on unnamed insiders and unverified documents, and no central bank has confirmed any such plan. Mainstream media has not reported on this story.",politics,2025-12-12,1
Local elections produce fragmented results across three key states (Update 2),"Preliminary results from regional elections indicate that no single party secured a majority in any of the three contested states. Coalition talks are expected to begin in the coming days, with analysts predicting extended negotiations. Stakeholders were invited to submit comments before the consultation deadline.",politics,2024-08-23,0
UN Security Council convenes emergency session over escalation in conflict zone,"Council members called an emergency session to discuss the latest escalation, including attacks on civilian infrastructure. Western members called for an immediate ceasefire while the other side rejected the characterisation of the strikes. Relevant authorities said the process would proceed according to established procedures.",world,2022-10-08,0
Trade ministers meet to resolve long-running tariff dispute,"In a statement issued recently, officials noted that Representatives from both countries convened for two days of talks aimed at resolving a tariff disagreement that has disrupted bilateral trade for nearly two years. Officials said progress was made on several items but that a final agreement had not yet been reached.",world,2023-10-08,0
Government tables new data privacy bill for public consultation,"In a statement issued recently, officials noted that Officials published a draft bill that would impose stricter requirements on companies handling personal data, including mandatory breach notifications and expanded rights for citizens to access or delete their information. Public comments are open for thirty days.",politics,2022-11-26,0
"Indian Army reports exchange of fire at northern border, no casualties confirmed — Source #769","According to authorities, A defence ministry spokesperson said troops exchanged small-arms fire with an armed group that crossed the northern frontier. The situation had been contained and an investigation was under way. No soldier fatalities were reported in the initial statement. Independent analysts broadly confirmed the findings.",world,2026-06-16,0
BOMBSHELL: World governments planning secret currency replacement by next year [UPDATE 49],"A viral post claims that a secretive group of central banks is coordinating a surprise elimination of paper currency to be replaced by a trackable digital token. The post relies on unnamed insiders and unverified documents, and no central bank has confirmed any such plan.",politics,2025-02-09,1
US military conducts drone strike targeting militant commander in Somalia,"In a statement issued recently, officials noted that US Africa Command announced that a precision drone strike had killed a senior militant commander in a remote area of Somalia. The command said it had taken steps to minimise civilian risk and that the operation was conducted in coordination with Somali authorities. Officials said the situation would continue to be monitored.",world,2026-11-23,0
SECRET MEMO: Government to declare martial law and seize private assets [UPDATE 19],"An allegedly leaked internal memo supposedly shows plans for an imminent declaration of martial law and mass confiscation of private property. Neither the document's origin nor its authenticity has been established, and government officials have denied any such plan exists. No credible evidence has been provided to support the allegation.",politics,2023-05-22,1
"BOMBSHELL: Iran has already launched nuclear missiles toward Israel, cover-up in progress [UPDATE 54]","A social-media account claims Iran fired nuclear-armed missiles toward Israel hours ago and that a complete information blackout is hiding the fact. Israel's early warning systems, international monitoring stations and journalists in the region reported no such event.",world,2022-01-23,1
BREAKING: Secret underground tunnels discovered beneath major world capitals [UPDATE 50],A conspiracy blog asserts that satellite imagery proves the existence of a vast network of underground tunnels linking the governmental centres of several countries. Independent geospatial analysts found no evidence to support the claim in publicly available imagery. Independent fact-checkers have rated the claim as false.,world,2023-10-28,1
SHOCK: Pakistan fires ballistic missiles at Delhi — government hiding casualties [UPDATE 89],"A widely shared post alleges that multiple ballistic missiles struck the outskirts of the Indian capital and that casualty figures are being suppressed by both governments. Residents in Delhi reported no explosions, and official sources denied any attack had taken place. Share this before it gets deleted!",world,2024-03-23,1
BOMBSHELL: World governments planning secret currency replacement by next year [UPDATE 58],"A viral post claims that a secretive group of central banks is coordinating a surprise elimination of paper currency to be replaced by a trackable digital token. The post relies on unnamed insiders and unverified documents, and no central bank has confirmed any such plan. Share this before it gets deleted!",politics,2023-06-16,1
BREAKING: Tech giant secretly records all home conversations 24 hours a day [UPDATE 17],An anonymous post claims that a major consumer electronics company continuously records audio from all devices in every household and shares the recordings with intelligence agencies. The company denied the allegation and no independent technical analysis has confirmed the claim. This claim has not been independently verified.,tech,2023-04-26,1
BREAKING: Tech giant secretly records all home conversations 24 hours a day [UPDATE 19],An anonymous post claims that a major consumer electronics company continuously records audio from all devices in every household and shares the recordings with intelligence agencies. The company denied the allegation and no independent technical analysis has confirmed the claim. Independent fact-checkers have rated the claim as false.,tech,2026-10-22,1
Taiwan scrambles jets as Chinese aircraft cross median line (Update 2),Taiwan's defence ministry said it had scrambled fighter aircraft after People's Liberation Army Air Force planes crossed the informal median line dividing the Taiwan Strait. The ministry released tracking data and said the incursions were a deliberate provocation. Officials said the situation would continue to be monitored.,world,2024-02-05,0
"Ukraine retakes village in eastern offensive, fighting continues (Update 2)",Reports indicate that Ukrainian military commanders reported that troops had recaptured a village in the east after several days of intense combat. Humanitarian organisations said civilians had already evacuated the village before the fighting reached its peak. Relevant authorities said the process would proceed according to established procedures.,world,2026-06-22,0
BREAKING: Pakistan launches surprise nuclear strike on three Indian cities [UPDATE 20],"Unverified social-media posts claim that Pakistani forces have launched nuclear warheads targeting major Indian metropolitan areas. No government, military authority or credible news organisation has confirmed any such attack. No credible evidence has been provided to support the allegation.",world,2024-06-14,1
EXPLOSIVE: Ballot-counting machines pre-programmed to switch votes [UPDATE 98],A viral post alleges that electronic voting machines used in multiple districts were pre-programmed by a foreign entity to alter results automatically. Election authorities and independent auditors found no evidence of any such programming in post-election machine inspections. Share this before it gets deleted!,politics,2024-04-05,1
Refugee organisations report record displacement in sub-Saharan region,"International humanitarian organisations published data showing that displacement in the sub-Saharan region had reached its highest level in fifteen years. Conflict, drought and economic hardship were identified as the primary drivers of movement. Stakeholders were invited to submit comments before the consultation deadline.",world,2023-02-20,0
International Criminal Court issues arrest warrant for military commander (Update 2),"According to authorities, The International Criminal Court issued an arrest warrant for a senior military commander accused of directing attacks on civilian populations in a conflict zone. Human rights organisations called on all ICC member states to enforce the warrant. Further details are expected in the coming days.",world,2024-03-13,0
Pakistan and India hold ceasefire talks along Line of Control,"Military representatives from both countries met to discuss a renewal of the ceasefire agreement along the Line of Control. Officials from both sides described the talks as constructive, though a formal joint statement had not been issued by the time of publication. Further details are expected in the coming days.",world,2026-10-03,0
UK deploys warship to Red Sea amid Houthi shipping attacks,The Royal Navy confirmed the deployment of a destroyer to the Red Sea as part of a multinational force protecting commercial shipping from Houthi drone and missile attacks. Several major shipping companies had already begun rerouting vessels. Further details are expected in the coming days.,world,2026-01-03,0
BREAKING: NATO triggers Article 5 — all member nations now at war with Russia [UPDATE 22],A viral claim asserts that NATO secretly invoked Article 5 collective defence and that all member nations are now in a state of declared war. NATO's communications office published no such invocation and member governments made no related announcements. Mainstream media has not reported on this story.,world,2026-09-15,1
Hospitals report improvements in patient outcomes after surgical checklist adoption [Report #1924],"In a statement issued recently, officials noted that A multi-hospital review found measurable reductions in post-surgical complications at facilities that had adopted standardised pre-operative checklists over the preceding three years. The findings supported broader implementation of the protocol. Officials said the situation would continue to be monitored.",health,2022-07-26,0
EXPOSED: Moon landing footage was filmed in an Arizona desert studio [UPDATE 51],"A long-circulating conspiracy claim re-emerged, alleging that behind-the-scenes photographs prove that footage from a historic lunar mission was produced in a secret terrestrial studio. The photographic evidence presented has been repeatedly debunked by independent analysts and former space agency employees. Authorities have refused to comment, fuelling speculation.",science,2023-01-22,1
BREAKING: Nuclear explosion detected in major city — radiation spreading [UPDATE 84],A post claims that sensors have detected a nuclear detonation in a major metropolitan area and that radiation clouds are drifting across neighbouring countries. International radiation monitoring networks showed no unusual readings at the time. Share this before it gets deleted!,world,2026-04-19,1
URGENT: Pakistan army crosses border and takes control of Kashmir capital [UPDATE 70],A viral message claims that Pakistani armoured columns entered Indian-administered Kashmir and seized the regional capital within hours. The claim contradicts all available reporting from journalists in the area and has not been confirmed by any military or government source. Share this before it gets deleted!,world,2023-02-10,1
UK deploys warship to Red Sea amid Houthi shipping attacks,The Royal Navy confirmed the deployment of a destroyer to the Red Sea as part of a multinational force protecting commercial shipping from Houthi drone and missile attacks. Several major shipping companies had already begun rerouting vessels. Independent analysts broadly confirmed the findings.,world,2024-06-28,0
China conducts live-fire naval exercises near Taiwan Strait (Update 2),Officials confirmed that China's People's Liberation Army Navy announced the completion of live-fire exercises in waters near the Taiwan Strait. Taiwan's defence ministry said it had monitored the drills closely and that its forces remained on heightened alert.,world,2022-07-09,0
Parliament approves landmark pension reform bill (Update 2),Officials confirmed that Lawmakers voted to pass a sweeping pension reform package after months of debate. The bill adjusts retirement age thresholds and increases contribution rates for high-income earners. Analysts say the changes are designed to stabilise long-term public finances. Further details are expected in the coming days.,politics,2026-09-22,0
US military conducts drone strike targeting militant commander in Somalia,Data released on 2025-10-15 shows that US Africa Command announced that a precision drone strike had killed a senior militant commander in a remote area of Somalia. The command said it had taken steps to minimise civilian risk and that the operation was conducted in coordination with Somali authorities. Further details are expected in the coming days.,world,2025-10-15,0
EXPOSED: China planted bombs in US infrastructure set to detonate simultaneously [UPDATE 74],"An anonymous whistleblower allegedly claims that Chinese operatives embedded explosive devices in American power grids a decade ago, awaiting a remote detonation signal. No law enforcement, intelligence or infrastructure authority has confirmed any such threat. No credible evidence has been provided to support the allegation.",world,2026-08-09,1
SHOCKING: 5G towers confirmed to transmit mind-altering frequencies [UPDATE 22],A viral message asserts that fifth-generation mobile networks emit specific electromagnetic frequencies designed to alter human cognitive function and increase susceptibility to suggestion. No credible scientific or engineering study has supported the allegation. Mainstream media has not reported on this story.,tech,2026-08-28,1
Trade ministers meet to resolve long-running tariff dispute — Source #769,Data released on 2022-10-20 shows that Representatives from both countries convened for two days of talks aimed at resolving a tariff disagreement that has disrupted bilateral trade for nearly two years. Officials said progress was made on several items but that a final agreement had not yet been reached. Independent analysts broadly confirmed the findings.,world,2022-10-20,0
Government tables new data privacy bill for public consultation (Update 2),"Data released on 2026-11-22 shows that Officials published a draft bill that would impose stricter requirements on companies handling personal data, including mandatory breach notifications and expanded rights for citizens to access or delete their information. Public comments are open for thirty days. Further details are expected in the coming days.",politics,2026-11-22,0
"Sudan civil war displaces over four million people, UN warns [Report #1924]","According to authorities, United Nations agencies reported that more than four million people had been displaced by fighting since the conflict began, making it one of the world's largest displacement crises. Aid access remained severely restricted in several regions. Independent analysts broadly confirmed the findings.",world,2022-10-05,0
Government launches infrastructure investment fund for rural connectivity,Data released on 2026-07-19 shows that Officials announced the establishment of a dedicated fund to finance broadband and transport infrastructure in underserved rural areas. The programme is expected to be implemented over a five-year period through a combination of public grants and private co-investment. Further details are expected in the coming days.,business,2026-07-19,0
Electric vehicle maker reports steady growth in delivery numbers (Update 2),"An electric vehicle manufacturer disclosed quarterly delivery figures that met analyst expectations, supported by increased production capacity at its newer facilities. The company reiterated its full-year delivery guidance while noting that supply chain conditions remained a variable. Stakeholders were invited to submit comments before the consultation deadline.",tech,2024-04-09,0
Semiconductor firm announces next-generation chip architecture,"According to authorities, A major semiconductor manufacturer unveiled a new processor architecture that promises significant improvements in performance per watt compared with current designs. The company said volume production was scheduled to begin later in the year.",tech,2022-07-24,0
"Sudan civil war displaces over four million people, UN warns [Report #1924]","United Nations agencies reported that more than four million people had been displaced by fighting since the conflict began, making it one of the world's largest displacement crises. Aid access remained severely restricted in several regions. Further details are expected in the coming days.",world,2026-09-20,0
South Korea and US begin joint military exercises despite North Korean warnings (Update 2),Annual combined military exercises between South Korean and US forces commenced as scheduled despite warnings from North Korea that the drills were a provocation. The two allies described the exercises as defensive in nature.,world,2022-02-27,0
Retail sector reports mixed results as consumer spending patterns shift (Update 2),Several major retailers disclosed quarterly earnings that showed divergent performance between physical stores and online channels. Analysts noted that shifts in consumer behaviour since the pandemic had created lasting structural changes in the retail landscape. Further details are expected in the coming days.,business,2023-11-04,0
BREAKING: NATO triggers Article 5 — all member nations now at war with Russia [UPDATE 61],A viral claim asserts that NATO secretly invoked Article 5 collective defence and that all member nations are now in a state of declared war. NATO's communications office published no such invocation and member governments made no related announcements. This claim has not been independently verified.,world,2024-02-18,1
United Nations calls for urgent humanitarian access to affected region,Senior UN officials urged all parties to allow unimpeded access for relief workers after reports of food and medicine shortages in the conflict zone. Aid agencies estimated that more than two million people require immediate assistance.,world,2024-11-24,0
SHOCK CLAIM: Global elite held secret meeting to plan population reduction [UPDATE 53],A viral post alleges that billionaires and heads of state convened in a private location to discuss a coordinated plan to reduce the world population through engineered food shortages and engineered pandemics. The post provides no authenticated evidence for this sweeping claim. Share this before it gets deleted!,world,2022-04-28,1
URGENT: Pakistan army crosses border and takes control of Kashmir capital [UPDATE 51],A viral message claims that Pakistani armoured columns entered Indian-administered Kashmir and seized the regional capital within hours. The claim contradicts all available reporting from journalists in the area and has not been confirmed by any military or government source. No credible evidence has been provided to support the allegation.,world,2026-01-17,1
BREAKING: Tech giant secretly records all home conversations 24 hours a day [UPDATE 22],An anonymous post claims that a major consumer electronics company continuously records audio from all devices in every household and shares the recordings with intelligence agencies. The company denied the allegation and no independent technical analysis has confirmed the claim. No credible evidence has been provided to support the allegation.,tech,2026-11-17,1
URGENT: Government knew Nepal disaster was coming and deliberately withheld warning [UPDATE 44],An online post claims government authorities possessed advance satellite data predicting the exact timing and severity of the Nepal floods but chose to suppress the information. The allegation provides no authenticated documentary evidence. This claim has not been independently verified.,world,2024-07-05,1
"PROOF: The Earth is expanding by one kilometre per year, scientists admit [UPDATE 2]","A viral post claims that geologists have quietly admitted to evidence showing the planet's radius increasing at a rate of one kilometre annually, and that this fact is being concealed from the public. No peer-reviewed geological study supports the claim.",science,2025-06-08,1
"BOMBSHELL: Iran has already launched nuclear missiles toward Israel, cover-up in progress [UPDATE 83]","A social-media account claims Iran fired nuclear-armed missiles toward Israel hours ago and that a complete information blackout is hiding the fact. Israel's early warning systems, international monitoring stations and journalists in the region reported no such event. Share this before it gets deleted!",world,2024-12-09,1
Physicists confirm existence of rare particle predicted by theoretical model [Report #1924],Data released on 2022-01-26 shows that Researchers at a particle physics facility announced the experimental confirmation of a rare subatomic particle that had been predicted by theoretical models decades earlier. The finding was described as a significant validation of the standard model of particle physics. Relevant authorities said the process would proceed according to established procedures.,science,2022-01-26,0
BREAKING: India drops bombs on Karachi port in secret overnight operation [UPDATE 22],"Anonymous accounts are circulating images they claim show explosions at Karachi port following an alleged Indian air strike. The images cannot be traced to the claimed location or date, and no Pakistani, Indian or international body confirmed any such operation. Share this before it gets deleted!",world,2026-12-08,1
"BREAKING: Pakistan nukes USA — entire west coast destroyed, news blackout active [UPDATE 42]","A viral message claims Pakistan launched nuclear-armed intercontinental ballistic missiles that have already struck the US west coast. Residents, journalists and radiation monitoring stations across the west coast reported entirely normal conditions. Independent fact-checkers have rated the claim as false.",world,2026-01-07,1
Universities report rising enrolment in science and engineering programmes [Report #1924],"In a statement issued recently, officials noted that Higher education data showed an increase in the number of students enrolling in science, technology, engineering and mathematics degree programmes over the past three academic years. Institutions attributed the trend partly to government scholarship initiatives and growing demand for STEM skills in the labour market.",tech,2025-09-02,0
Senate committee approves judicial appointments after lengthy review — Source #769,A Senate committee voted to approve the nomination of three appellate judges following hearings that examined their judicial records. Legal observers noted that the appointments could influence the interpretation of constitutional law for the next decade. Further details are expected in the coming days.,politics,2024-07-09,0
URGENT: China attacks USA — invades California beaches with 2 million troops [UPDATE 6],"A widely shared post claims that Chinese landing craft arrived on Californian beaches overnight carrying two million soldiers and that the US military has been ordered to stand down. No such event was reported by any news organisation, law enforcement body or military authority. Mainstream media has not reported on this story.",world,2024-02-25,1
National health authority recommends updated vaccine schedule for adults [Report #1924],Officials confirmed that Public health officials revised the recommended vaccination schedule for adults to include updated boosters for several respiratory illnesses. The changes reflected new evidence about waning immunity and changes in circulating strains. Stakeholders were invited to submit comments before the consultation deadline.,health,2025-08-09,0
South Korea and US begin joint military exercises despite North Korean warnings,Annual combined military exercises between South Korean and US forces commenced as scheduled despite warnings from North Korea that the drills were a provocation. The two allies described the exercises as defensive in nature. Independent analysts broadly confirmed the findings.,world,2023-04-10,0
SHOCK: Pakistan fires ballistic missiles at Delhi — government hiding casualties [UPDATE 30],"A widely shared post alleges that multiple ballistic missiles struck the outskirts of the Indian capital and that casualty figures are being suppressed by both governments. Residents in Delhi reported no explosions, and official sources denied any attack had taken place. No credible evidence has been provided to support the allegation.",world,2023-02-09,1
REVEALED: Artificial intelligence already secretly running all world governments [UPDATE 25],"A sensational article claims that a secret AI system developed by a private consortium has already assumed de facto control of decision-making in the governments of multiple major countries, with elected officials serving only as figureheads. No credible source or evidence is provided. Mainstream media has not reported on this story.",tech,2022-07-07,1
ALERT: New vaccine causes DNA alteration in 90% of recipients [UPDATE 8],"A viral article claims that a newly approved vaccine permanently alters human DNA in the vast majority of recipients, based on anonymous laboratory reports. Molecular biologists and regulatory agencies have stated that the claim is scientifically inaccurate and lacks any credible evidence. This claim has not been independently verified.",health,2026-01-19,1
G20 finance ministers agree on framework for debt relief [Report #1924],Finance ministers from the world's major economies reached a preliminary agreement on a framework to restructure the debt of heavily indebted lower-income countries. Details of the timeline and conditions are expected to be finalised at the next summit. Further details are expected in the coming days.,world,2025-09-12,0
SHOCKING: 5G towers confirmed to transmit mind-altering frequencies [UPDATE 12],"A viral message asserts that fifth-generation mobile networks emit specific electromagnetic frequencies designed to alter human cognitive function and increase susceptibility to suggestion. No credible scientific or engineering study has supported the allegation. Authorities have refused to comment, fuelling speculation.",tech,2024-12-27,1
ALERT: Banks to freeze all accounts simultaneously next month [UPDATE 98],A post circulating widely on messaging platforms claims that a coordinated banking freeze will lock customers out of their accounts as part of a planned financial reset. No central bank or regulatory authority has announced or confirmed any such action. Independent fact-checkers have rated the claim as false.,business,2022-01-17,1
LEAKED: Government secretly microchipping citizens through flu vaccines [UPDATE 41],An anonymous whistleblower has allegedly published internal documents claiming that microscopic tracking chips are embedded in seasonal flu vaccine doses. The documents have not been independently verified and no credible scientific body has endorsed the claim. Independent fact-checkers have rated the claim as false.,health,2024-04-07,1
Nepal floods were secretly caused by a weather-control machine [UPDATE 50],"A widely shared message asserts that cloud-seeding technology was deliberately weaponised to trigger the devastating floods in Nepal. No meteorological or governmental body has presented evidence for the claim, and atmospheric scientists described it as without scientific basis.",world,2026-04-18,1
BOMBSHELL: Senior official secretly working for foreign intelligence service [UPDATE 9],"An anonymous online account claims to have evidence that a named senior government official is a long-running covert agent for a foreign power. The claim rests entirely on unverified screenshots and anonymous testimony, and no law enforcement body has opened a related investigation. Mainstream media has not reported on this story.",politics,2024-11-04,1
National health authority recommends updated vaccine schedule for adults,"In a statement issued recently, officials noted that Public health officials revised the recommended vaccination schedule for adults to include updated boosters for several respiratory illnesses. The changes reflected new evidence about waning immunity and changes in circulating strains.",health,2022-03-28,0
BREAKING: Tech giant secretly records all home conversations 24 hours a day [UPDATE 46],An anonymous post claims that a major consumer electronics company continuously records audio from all devices in every household and shares the recordings with intelligence agencies. The company denied the allegation and no independent technical analysis has confirmed the claim. This claim has not been independently verified.,tech,2024-11-03,1
EXPOSED: Chemtrails confirmed as mass mind-control programme [UPDATE 25],"A widely shared article alleges that aircraft contrails contain chemical agents designed to make populations more compliant and easier to manipulate. No peer-reviewed scientific study supports the claim, and aviation and atmospheric scientists have repeatedly explained that contrails consist of water vapour. Independent fact-checkers have rated the claim as false.",science,2026-12-19,1
SHOCK CLAIM: Global elite held secret meeting to plan population reduction [UPDATE 34],A viral post alleges that billionaires and heads of state convened in a private location to discuss a coordinated plan to reduce the world population through engineered food shortages and engineered pandemics. The post provides no authenticated evidence for this sweeping claim. This claim has not been independently verified.,world,2024-03-18,1
"Indian Army reports exchange of fire at northern border, no casualties confirmed — Source #769","According to authorities, A defence ministry spokesperson said troops exchanged small-arms fire with an armed group that crossed the northern frontier. The situation had been contained and an investigation was under way. No soldier fatalities were reported in the initial statement. Independent analysts broadly confirmed the findings.",world,2025-11-21,0
Regulators open antitrust investigation into cloud computing market — Source #769,Competition authorities launched a formal investigation into whether a small number of large providers have engaged in practices that limit competition in the cloud services market. The companies under review declined to comment in detail but said they would cooperate fully. Stakeholders were invited to submit comments before the consultation deadline.,tech,2025-09-08,0
"SHOCKING: India and Pakistan both launch nukes — billions dead, news suppressed globally [UPDATE 67]","A panic-inducing post claims a full nuclear exchange between India and Pakistan has already occurred with governments jointly suppressing the information. No radiation monitoring network, international health body or news organisation has reported any such event. Authorities have refused to comment, fuelling speculation.",world,2025-07-20,1
China sanctions US defence companies over Taiwan arms sale (Update 2),"In a statement issued recently, officials noted that China's foreign ministry announced targeted sanctions on several US defence manufacturers following Washington's approval of a weapons package for Taiwan. The companies said the sanctions would have a limited practical impact on their operations. Stakeholders were invited to submit comments before the consultation deadline.",world,2026-04-23,0
"Cross-border shelling reported near Kashmir valley, residents asked to stay indoors — Source #769",Authorities in the Kashmir valley issued a precautionary advisory after intermittent shelling was reported overnight near a forward post. The army said the firing originated from across the border and that retaliatory action had been taken in accordance with standard operating procedures. Further details are expected in the coming days.,world,2026-03-03,0
STUDY SUPPRESSED: Scientists prove that humans lived alongside dinosaurs [UPDATE 14],"A blog post claims that a scientific study demonstrating coexistence of humans and non-avian dinosaurs was retracted from journals due to pressure from establishment scientists. No such peer-reviewed study exists, and the geological record places human ancestors millions of years after the mass extinction. Independent fact-checkers have rated the claim as false.",science,2026-06-05,1
Electric vehicle maker reports steady growth in delivery numbers [Report #1924],"In a statement issued recently, officials noted that An electric vehicle manufacturer disclosed quarterly delivery figures that met analyst expectations, supported by increased production capacity at its newer facilities. The company reiterated its full-year delivery guidance while noting that supply chain conditions remained a variable.",tech,2022-08-06,0
"BREAKING: China invades Taiwan — US refuses to respond, secret deal exposed [UPDATE 9]",A viral post claims China has launched a full-scale amphibious invasion of Taiwan and that a secret agreement between Washington and Beijing is preventing any US military response. No such invasion has been reported by any credible news organisation. Share this before it gets deleted!,world,2022-11-24,1
"SHOCKING: India and Pakistan both launch nukes — billions dead, news suppressed globally [UPDATE 76]","A panic-inducing post claims a full nuclear exchange between India and Pakistan has already occurred with governments jointly suppressing the information. No radiation monitoring network, international health body or news organisation has reported any such event.",world,2023-04-24,1
"BOMBSHELL: Iran has already launched nuclear missiles toward Israel, cover-up in progress [UPDATE 72]","A social-media account claims Iran fired nuclear-armed missiles toward Israel hours ago and that a complete information blackout is hiding the fact. Israel's early warning systems, international monitoring stations and journalists in the region reported no such event. Independent fact-checkers have rated the claim as false.",world,2024-01-18,1
Schools pilot new curriculum designed to improve critical thinking skills (Update 2),"A group of state schools began piloting an updated curriculum framework emphasising critical analysis, evidence evaluation and structured argumentation across multiple subject areas. Early assessments showed improvements in students' ability to identify unsupported claims in written texts. Officials said the situation would continue to be monitored.",politics,2026-05-28,0
South Korea and US begin joint military exercises despite North Korean warnings — Source #769,Annual combined military exercises between South Korean and US forces commenced as scheduled despite warnings from North Korea that the drills were a provocation. The two allies described the exercises as defensive in nature. Further details are expected in the coming days.,world,2026-08-05,0
Refugee organisations report record displacement in sub-Saharan region — Source #769,"According to authorities, International humanitarian organisations published data showing that displacement in the sub-Saharan region had reached its highest level in fifteen years. Conflict, drought and economic hardship were identified as the primary drivers of movement. Officials said the situation would continue to be monitored.",world,2022-04-22,0
Regulators open antitrust investigation into cloud computing market — Source #769,Officials confirmed that Competition authorities launched a formal investigation into whether a small number of large providers have engaged in practices that limit competition in the cloud services market. The companies under review declined to comment in detail but said they would cooperate fully. Relevant authorities said the process would proceed according to established procedures.,tech,2022-02-09,0
Physicists confirm existence of rare particle predicted by theoretical model,Reports indicate that Researchers at a particle physics facility announced the experimental confirmation of a rare subatomic particle that had been predicted by theoretical models decades earlier. The finding was described as a significant validation of the standard model of particle physics. Officials said the situation would continue to be monitored.,science,2023-09-09,0
BOMBSHELL: Ukraine war was entirely staged by NATO using crisis actors [UPDATE 70],"A conspiracy video claims that footage from the conflict in Ukraine was produced by NATO in a studio, with all casualties fabricated using professional actors. Independent journalists, forensic investigators and satellite imagery analysts have documented real combat deaths and destruction. No credible evidence has been provided to support the allegation.",world,2023-01-18,1
SHOCK: Pakistan fires ballistic missiles at Delhi — government hiding casualties [UPDATE 29],"A widely shared post alleges that multiple ballistic missiles struck the outskirts of the Indian capital and that casualty figures are being suppressed by both governments. Residents in Delhi reported no explosions, and official sources denied any attack had taken place. Mainstream media has not reported on this story.",world,2023-09-09,1
SHOCKING: Gold secretly removed from all national reserves years ago [UPDATE 70],A conspiracy article asserts that the gold held in major national reserves was secretly replaced with gold-plated tungsten bars decades ago and that the true reserves are now empty. Independent audits conducted at multiple reserve facilities have not confirmed this claim. No credible evidence has been provided to support the allegation.,business,2025-02-13,1
SHOCKING: Gold secretly removed from all national reserves years ago [UPDATE 99],A conspiracy article asserts that the gold held in major national reserves was secretly replaced with gold-plated tungsten bars decades ago and that the true reserves are now empty. Independent audits conducted at multiple reserve facilities have not confirmed this claim.,business,2024-10-21,1
URGENT: Pakistan army crosses border and takes control of Kashmir capital [UPDATE 1],A viral message claims that Pakistani armoured columns entered Indian-administered Kashmir and seized the regional capital within hours. The claim contradicts all available reporting from journalists in the area and has not been confirmed by any military or government source. Independent fact-checkers have rated the claim as false.,world,2023-10-18,1
Researchers achieve new milestone in quantum error correction — Source #769,"According to authorities, A research team published results demonstrating a significant reduction in error rates for quantum computations using a novel error-correction protocol. Experts described the findings as an encouraging step toward practical quantum computing, while cautioning that many engineering challenges remain. Relevant authorities said the process would proceed according to established procedures.",tech,2022-08-15,0
Pakistan and India hold ceasefire talks along Line of Control — Source #769,"Data released on 2022-04-04 shows that Military representatives from both countries met to discuss a renewal of the ceasefire agreement along the Line of Control. Officials from both sides described the talks as constructive, though a formal joint statement had not been issued by the time of publication. Relevant authorities said the process would proceed according to established procedures.",world,2022-04-04,0
URGENT: World War III officially started 2 hours ago — governments hiding it [UPDATE 71],"A message spreading rapidly across platforms claims that a coordinated military confrontation involving multiple nuclear powers began hours ago and is being concealed by a global media agreement. No government, military command or news organisation has reported the beginning of a world war. Share this before it gets deleted!",world,2024-08-26,1
BREAKING: Secret underground tunnels discovered beneath major world capitals [UPDATE 19],"A conspiracy blog asserts that satellite imagery proves the existence of a vast network of underground tunnels linking the governmental centres of several countries. Independent geospatial analysts found no evidence to support the claim in publicly available imagery. Authorities have refused to comment, fuelling speculation.",world,2022-03-19,1
DOCTORS HIDE THIS: Common spice cures cancer in three days [UPDATE 63],"An online article claims that a popular kitchen spice has been proven to eliminate all forms of cancer within seventy-two hours of daily consumption, and that pharmaceutical companies have suppressed the discovery. No clinical evidence supports the claim, and oncologists have described it as dangerous misinformation. Share this before it gets deleted!",health,2022-07-19,1
"Indian Army reports exchange of fire at northern border, no casualties confirmed",Reports indicate that A defence ministry spokesperson said troops exchanged small-arms fire with an armed group that crossed the northern frontier. The situation had been contained and an investigation was under way. No soldier fatalities were reported in the initial statement. Relevant authorities said the process would proceed according to established procedures.,world,2025-06-13,0
Universities report rising enrolment in science and engineering programmes (Update 2),"Reports indicate that Higher education data showed an increase in the number of students enrolling in science, technology, engineering and mathematics degree programmes over the past three academic years. Institutions attributed the trend partly to government scholarship initiatives and growing demand for STEM skills in the labour market. Stakeholders were invited to submit comments before the consultation deadline.",tech,2022-06-15,0
Iran seizes commercial tanker in Strait of Hormuz over alleged violation — Source #769,"In a statement issued recently, officials noted that Iran's Revolutionary Guard Corps announced the seizure of a commercial oil tanker, citing what it described as a maritime law violation. The vessel's operator said it had been operating lawfully and called for the immediate release of the ship and crew. Further details are expected in the coming days.",world,2024-11-01,0
SHOCKING: China and Russia sign secret pact to simultaneously attack US allies [UPDATE 86],"A blog post claims to have obtained a classified treaty in which China and Russia agreed to launch coordinated military strikes against US-allied nations on a pre-set date. Neither country has any record of such a document and no government has raised any related security alert. Authorities have refused to comment, fuelling speculation.",world,2022-03-25,1
URGENT: Government knew Nepal disaster was coming and deliberately withheld warning [UPDATE 6],An online post claims government authorities possessed advance satellite data predicting the exact timing and severity of the Nepal floods but chose to suppress the information. The allegation provides no authenticated documentary evidence. Independent fact-checkers have rated the claim as false.,world,2022-02-28,1
Israeli air strikes target weapons depots in southern Lebanon,Officials confirmed that The Israeli Defence Forces confirmed a series of air strikes on what it described as weapons storage facilities in southern Lebanon. The operation followed a cross-border rocket attack the previous day. Stakeholders were invited to submit comments before the consultation deadline.,world,2025-06-28,0
BREAKING: Nuclear explosion detected in major city — radiation spreading [UPDATE 21],A post claims that sensors have detected a nuclear detonation in a major metropolitan area and that radiation clouds are drifting across neighbouring countries. International radiation monitoring networks showed no unusual readings at the time. Mainstream media has not reported on this story.,world,2023-09-05,1
China sanctions US defence companies over Taiwan arms sale,China's foreign ministry announced targeted sanctions on several US defence manufacturers following Washington's approval of a weapons package for Taiwan. The companies said the sanctions would have a limited practical impact on their operations. Relevant authorities said the process would proceed according to established procedures.,world,2026-12-21,0
Retail sector reports mixed results as consumer spending patterns shift,Data released on 2024-02-25 shows that Several major retailers disclosed quarterly earnings that showed divergent performance between physical stores and online channels. Analysts noted that shifts in consumer behaviour since the pandemic had created lasting structural changes in the retail landscape. Relevant authorities said the process would proceed according to established procedures.,business,2024-02-25,0
URGENT: World War III officially started 2 hours ago — governments hiding it [UPDATE 95],"A message spreading rapidly across platforms claims that a coordinated military confrontation involving multiple nuclear powers began hours ago and is being concealed by a global media agreement. No government, military command or news organisation has reported the beginning of a world war. Independent fact-checkers have rated the claim as false.",world,2023-05-18,1
BREAKING: Secret underground tunnels discovered beneath major world capitals [UPDATE 5],A conspiracy blog asserts that satellite imagery proves the existence of a vast network of underground tunnels linking the governmental centres of several countries. Independent geospatial analysts found no evidence to support the claim in publicly available imagery. Share this before it gets deleted!,world,2024-04-25,1
BREAKING: NATO secretly moves nuclear weapons to border — attack on Russia imminent [UPDATE 59],An anonymous account alleges that NATO has secretly relocated tactical nuclear weapons to bases within kilometres of the Russian border as a prelude to a surprise strike. Neither NATO nor any member government has confirmed any such redeployment. Mainstream media has not reported on this story.,world,2026-02-25,1
Local elections produce fragmented results across three key states (Update 2),"Officials confirmed that Preliminary results from regional elections indicate that no single party secured a majority in any of the three contested states. Coalition talks are expected to begin in the coming days, with analysts predicting extended negotiations.",politics,2026-12-04,0
SHOCKING: 5G towers confirmed to transmit mind-altering frequencies [UPDATE 12],A viral message asserts that fifth-generation mobile networks emit specific electromagnetic frequencies designed to alter human cognitive function and increase susceptibility to suggestion. No credible scientific or engineering study has supported the allegation. Independent fact-checkers have rated the claim as false.,tech,2025-11-01,1
"Indian Army reports exchange of fire at northern border, no casualties confirmed",A defence ministry spokesperson said troops exchanged small-arms fire with an armed group that crossed the northern frontier. The situation had been contained and an investigation was under way. No soldier fatalities were reported in the initial statement.,world,2024-10-20,0
"BREAKING: Pakistan nukes USA — entire west coast destroyed, news blackout active [UPDATE 62]","A viral message claims Pakistan launched nuclear-armed intercontinental ballistic missiles that have already struck the US west coast. Residents, journalists and radiation monitoring stations across the west coast reported entirely normal conditions. Independent fact-checkers have rated the claim as false.",world,2026-07-08,1
URGENT: Indian troops invade Pakistan — war declared but media censored [UPDATE 63],"A widely circulated message claims India has formally declared war on Pakistan and that troops have crossed the international border, but that mainstream media is under a government blackout order. No such declaration or blackout has been issued. Independent fact-checkers have rated the claim as false.",world,2026-12-11,1
EXPOSED: Moon landing footage was filmed in an Arizona desert studio [UPDATE 43],"A long-circulating conspiracy claim re-emerged, alleging that behind-the-scenes photographs prove that footage from a historic lunar mission was produced in a secret terrestrial studio. The photographic evidence presented has been repeatedly debunked by independent analysts and former space agency employees. This claim has not been independently verified.",science,2026-02-16,1
"BOMBSHELL: Iran has already launched nuclear missiles toward Israel, cover-up in progress [UPDATE 5]","A social-media account claims Iran fired nuclear-armed missiles toward Israel hours ago and that a complete information blackout is hiding the fact. Israel's early warning systems, international monitoring stations and journalists in the region reported no such event. Mainstream media has not reported on this story.",world,2025-10-20,1
China sanctions US defence companies over Taiwan arms sale,Officials confirmed that China's foreign ministry announced targeted sanctions on several US defence manufacturers following Washington's approval of a weapons package for Taiwan. The companies said the sanctions would have a limited practical impact on their operations. Stakeholders were invited to submit comments before the consultation deadline.,world,2022-01-21,0
"SHOCKING: India and Pakistan both launch nukes — billions dead, news suppressed globally [UPDATE 59]","A panic-inducing post claims a full nuclear exchange between India and Pakistan has already occurred with governments jointly suppressing the information. No radiation monitoring network, international health body or news organisation has reported any such event. This claim has not been independently verified.",world,2022-05-21,1
China sanctions US defence companies over Taiwan arms sale (Update 2),China's foreign ministry announced targeted sanctions on several US defence manufacturers following Washington's approval of a weapons package for Taiwan. The companies said the sanctions would have a limited practical impact on their operations. Officials said the situation would continue to be monitored.,world,2026-11-10,0
Hospitals report improvements in patient outcomes after surgical checklist adoption,"In a statement issued recently, officials noted that A multi-hospital review found measurable reductions in post-surgical complications at facilities that had adopted standardised pre-operative checklists over the preceding three years. The findings supported broader implementation of the protocol. Further details are expected in the coming days.",health,2025-09-21,0
BREAKING: NATO triggers Article 5 — all member nations now at war with Russia [UPDATE 22],A viral claim asserts that NATO secretly invoked Article 5 collective defence and that all member nations are now in a state of declared war. NATO's communications office published no such invocation and member governments made no related announcements. No credible evidence has been provided to support the allegation.,world,2022-04-12,1
China conducts live-fire naval exercises near Taiwan Strait,Officials confirmed that China's People's Liberation Army Navy announced the completion of live-fire exercises in waters near the Taiwan Strait. Taiwan's defence ministry said it had monitored the drills closely and that its forces remained on heightened alert. Independent analysts broadly confirmed the findings.,world,2022-09-13,0
Astronomers detect water vapour in atmosphere of distant exoplanet — Source #769,"Data released on 2023-10-28 shows that An international team of astronomers reported the detection of water vapour in the atmosphere of a rocky exoplanet located in the habitable zone of its star. The discovery is considered an important step in the search for potentially habitable worlds, though researchers cautioned that many other conditions must be met for life to be possible. Independent analysts broadly confirmed the findings.",science,2023-10-28,0
BREAKING: India drops bombs on Karachi port in secret overnight operation [UPDATE 78],"Anonymous accounts are circulating images they claim show explosions at Karachi port following an alleged Indian air strike. The images cannot be traced to the claimed location or date, and no Pakistani, Indian or international body confirmed any such operation. Share this before it gets deleted!",world,2024-09-21,1
International Criminal Court issues arrest warrant for military commander — Source #769,The International Criminal Court issued an arrest warrant for a senior military commander accused of directing attacks on civilian populations in a conflict zone. Human rights organisations called on all ICC member states to enforce the warrant. Independent analysts broadly confirmed the findings.,world,2026-07-11,0
Researchers achieve new milestone in quantum error correction,"In a statement issued recently, officials noted that A research team published results demonstrating a significant reduction in error rates for quantum computations using a novel error-correction protocol. Experts described the findings as an encouraging step toward practical quantum computing, while cautioning that many engineering challenges remain. Relevant authorities said the process would proceed according to established procedures.",tech,2024-06-28,0
NATO increases troop presence in eastern Europe following security review,Alliance defence ministers agreed to reinforce NATO's eastern flank with additional battle groups following a security assessment. Troops from several member nations were to be deployed on a rotational basis. Independent analysts broadly confirmed the findings.,world,2022-11-23,0
EXPOSED: Chemtrails confirmed as mass mind-control programme [UPDATE 26],"A widely shared article alleges that aircraft contrails contain chemical agents designed to make populations more compliant and easier to manipulate. No peer-reviewed scientific study supports the claim, and aviation and atmospheric scientists have repeatedly explained that contrails consist of water vapour. Mainstream media has not reported on this story.",science,2025-02-22,1
International Criminal Court issues arrest warrant for military commander,The International Criminal Court issued an arrest warrant for a senior military commander accused of directing attacks on civilian populations in a conflict zone. Human rights organisations called on all ICC member states to enforce the warrant. Further details are expected in the coming days.,world,2024-09-04,0
Iran seizes commercial tanker in Strait of Hormuz over alleged violation,"According to authorities, Iran's Revolutionary Guard Corps announced the seizure of a commercial oil tanker, citing what it described as a maritime law violation. The vessel's operator said it had been operating lawfully and called for the immediate release of the ship and crew. Independent analysts broadly confirmed the findings.",world,2023-09-16,0
Universities report rising enrolment in science and engineering programmes — Source #769,"According to authorities, Higher education data showed an increase in the number of students enrolling in science, technology, engineering and mathematics degree programmes over the past three academic years. Institutions attributed the trend partly to government scholarship initiatives and growing demand for STEM skills in the labour market. Stakeholders were invited to submit comments before the consultation deadline.",tech,2025-07-25,0
"SHOCKING: India and Pakistan both launch nukes — billions dead, news suppressed globally [UPDATE 26]","A panic-inducing post claims a full nuclear exchange between India and Pakistan has already occurred with governments jointly suppressing the information. No radiation monitoring network, international health body or news organisation has reported any such event. Share this before it gets deleted!",world,2025-02-09,1
LEAKED: Pakistan secretly attacks US military base using drones overnight [UPDATE 87],"An anonymous Telegram account claims to have footage proving that Pakistani military drones struck a covert American installation. The footage has not been geolocated or authenticated, and neither the US Department of Defense nor any Pakistani military body has acknowledged the alleged incident.",world,2024-12-01,1
EXPOSED: Wildfires deliberately started by government using secret laser weapons [UPDATE 61],"A viral video claims that visible light patterns during recent wildfires prove the fires were ignited by directed-energy weapons deployed by government forces. Fire scientists and investigators have attributed the fires to natural and accidental causes following standard forensic analysis. Authorities have refused to comment, fuelling speculation.",world,2023-11-18,1
SHOCKING: US military planning false flag attack to start World War III [UPDATE 84],"A viral post claims that senior Pentagon officials have approved a false flag operation designed to be blamed on a rival power, providing justification for a global war. The post cites no verifiable documents and no credible journalism has substantiated the allegation. This claim has not been independently verified.",world,2024-09-18,1
SECRET MEMO: Government to declare martial law and seize private assets [UPDATE 29],"An allegedly leaked internal memo supposedly shows plans for an imminent declaration of martial law and mass confiscation of private property. Neither the document's origin nor its authenticity has been established, and government officials have denied any such plan exists. Share this before it gets deleted!",politics,2023-01-11,1
United Nations calls for urgent humanitarian access to affected region (Update 2),Senior UN officials urged all parties to allow unimpeded access for relief workers after reports of food and medicine shortages in the conflict zone. Aid agencies estimated that more than two million people require immediate assistance. Independent analysts broadly confirmed the findings.,world,2022-12-06,0
SHOCKING: US military planning false flag attack to start World War III [UPDATE 93],"A viral post claims that senior Pentagon officials have approved a false flag operation designed to be blamed on a rival power, providing justification for a global war. The post cites no verifiable documents and no credible journalism has substantiated the allegation. No credible evidence has been provided to support the allegation.",world,2024-10-08,1
Iran-backed groups claim rocket attack on US base in Iraq,"Data released on 2024-11-22 shows that A group describing itself as Iran-backed claimed responsibility for a rocket attack on a base housing US personnel in Iraq. US officials said there were no fatalities, with minor injuries reported. Stakeholders were invited to submit comments before the consultation deadline.",world,2024-11-22,0
"Sudan civil war displaces over four million people, UN warns (Update 2)","United Nations agencies reported that more than four million people had been displaced by fighting since the conflict began, making it one of the world's largest displacement crises. Aid access remained severely restricted in several regions. Further details are expected in the coming days.",world,2022-04-09,0
LEAKED: Government secretly microchipping citizens through flu vaccines [UPDATE 43],An anonymous whistleblower has allegedly published internal documents claiming that microscopic tracking chips are embedded in seasonal flu vaccine doses. The documents have not been independently verified and no credible scientific body has endorsed the claim. This claim has not been independently verified.,health,2023-11-21,1
"BREAKING: Pakistan nukes USA — entire west coast destroyed, news blackout active [UPDATE 69]","A viral message claims Pakistan launched nuclear-armed intercontinental ballistic missiles that have already struck the US west coast. Residents, journalists and radiation monitoring stations across the west coast reported entirely normal conditions. Authorities have refused to comment, fuelling speculation.",world,2024-05-21,1
China sanctions US defence companies over Taiwan arms sale,China's foreign ministry announced targeted sanctions on several US defence manufacturers following Washington's approval of a weapons package for Taiwan. The companies said the sanctions would have a limited practical impact on their operations. Independent analysts broadly confirmed the findings.,world,2022-09-15,0
"Earthquake strikes coastal region, rescue teams deployed","Reports indicate that A moderate earthquake struck a coastal area, prompting authorities to deploy search-and-rescue teams to affected districts. Preliminary assessments indicated structural damage to hundreds of buildings, and officials asked residents in vulnerable areas to remain cautious. Officials said the situation would continue to be monitored.",world,2023-11-22,0
Refugee organisations report record displacement in sub-Saharan region (Update 2),"International humanitarian organisations published data showing that displacement in the sub-Saharan region had reached its highest level in fifteen years. Conflict, drought and economic hardship were identified as the primary drivers of movement. Officials said the situation would continue to be monitored.",world,2026-11-06,0
UK deploys warship to Red Sea amid Houthi shipping attacks — Source #769,"According to authorities, The Royal Navy confirmed the deployment of a destroyer to the Red Sea as part of a multinational force protecting commercial shipping from Houthi drone and missile attacks. Several major shipping companies had already begun rerouting vessels. Officials said the situation would continue to be monitored.",world,2025-11-17,0
REVEALED: Artificial intelligence already secretly running all world governments [UPDATE 94],"A sensational article claims that a secret AI system developed by a private consortium has already assumed de facto control of decision-making in the governments of multiple major countries, with elected officials serving only as figureheads. No credible source or evidence is provided. Authorities have refused to comment, fuelling speculation.",tech,2025-12-18,1
Central bank raises interest rates by quarter-point to curb inflation,"Officials confirmed that The country's central bank raised its benchmark interest rate by twenty-five basis points at its latest policy meeting, citing persistent inflation pressures. The decision was in line with market expectations, and officials signalled that future adjustments would depend on incoming economic data. Relevant authorities said the process would proceed according to established procedures.",business,2024-11-16,0
EXPOSED: China planted bombs in US infrastructure set to detonate simultaneously [UPDATE 7],"An anonymous whistleblower allegedly claims that Chinese operatives embedded explosive devices in American power grids a decade ago, awaiting a remote detonation signal. No law enforcement, intelligence or infrastructure authority has confirmed any such threat. Authorities have refused to comment, fuelling speculation.",world,2026-12-22,1
Russia launches missile strikes on Ukrainian energy infrastructure [Report #1924],Ukrainian officials reported that Russian forces launched a wave of cruise missiles targeting power substations in several regions overnight. Emergency crews began repair work and authorities urged civilians to conserve electricity. Russian defence officials did not immediately comment. Relevant authorities said the process would proceed according to established procedures.,world,2025-12-05,0
Local elections produce fragmented results across three key states [Report #1924],"Officials confirmed that Preliminary results from regional elections indicate that no single party secured a majority in any of the three contested states. Coalition talks are expected to begin in the coming days, with analysts predicting extended negotiations.",politics,2024-04-02,0
"SHOCKING: India and Pakistan both launch nukes — billions dead, news suppressed globally [UPDATE 49]","A panic-inducing post claims a full nuclear exchange between India and Pakistan has already occurred with governments jointly suppressing the information. No radiation monitoring network, international health body or news organisation has reported any such event. Mainstream media has not reported on this story.",world,2024-04-18,1
NATO allies pledge additional air defence systems to Ukraine,"According to authorities, Defence ministers from several NATO member states announced commitments to provide Ukraine with additional surface-to-air missile batteries. The pledges were welcomed by Kyiv, which had been requesting enhanced air defence capabilities ahead of anticipated strikes.",world,2026-07-22,0
BREAKING: Climate change data entirely fabricated by UN scientists [UPDATE 85],"A blog post claims that leaked emails prove that United Nations climate researchers invented temperature records to support a predetermined political agenda. The emails referenced were investigated and found to have been misrepresented, and multiple independent analyses have reproduced the warming trends using raw data. Independent fact-checkers have rated the claim as false.",science,2025-12-05,1
Hospitals report improvements in patient outcomes after surgical checklist adoption,A multi-hospital review found measurable reductions in post-surgical complications at facilities that had adopted standardised pre-operative checklists over the preceding three years. The findings supported broader implementation of the protocol. Officials said the situation would continue to be monitored.,health,2024-09-08,0
SHOCK CLAIM: Global elite held secret meeting to plan population reduction [UPDATE 91],A viral post alleges that billionaires and heads of state convened in a private location to discuss a coordinated plan to reduce the world population through engineered food shortages and engineered pandemics. The post provides no authenticated evidence for this sweeping claim. Independent fact-checkers have rated the claim as false.,world,2023-11-10,1
Mental health researchers call for expanded access to talking therapies (Update 2),"In a statement issued recently, officials noted that A review of mental health provision in several countries found that access to evidence-based psychological therapies remained limited, particularly in rural areas. Researchers recommended increased funding for community-based services and digital-delivery platforms.",health,2026-03-24,0
UN Security Council convenes emergency session over escalation in conflict zone [Report #1924],"Council members called an emergency session to discuss the latest escalation, including attacks on civilian infrastructure. Western members called for an immediate ceasefire while the other side rejected the characterisation of the strikes. Officials said the situation would continue to be monitored.",world,2026-01-02,0
BREAKING: Secret underground tunnels discovered beneath major world capitals [UPDATE 98],A conspiracy blog asserts that satellite imagery proves the existence of a vast network of underground tunnels linking the governmental centres of several countries. Independent geospatial analysts found no evidence to support the claim in publicly available imagery. This claim has not been independently verified.,world,2022-08-09,1
"Cross-border shelling reported near Kashmir valley, residents asked to stay indoors [Report #1924]",Officials confirmed that Authorities in the Kashmir valley issued a precautionary advisory after intermittent shelling was reported overnight near a forward post. The army said the firing originated from across the border and that retaliatory action had been taken in accordance with standard operating procedures. Independent analysts broadly confirmed the findings.,world,2023-05-05,0
UK deploys warship to Red Sea amid Houthi shipping attacks,The Royal Navy confirmed the deployment of a destroyer to the Red Sea as part of a multinational force protecting commercial shipping from Houthi drone and missile attacks. Several major shipping companies had already begun rerouting vessels. Officials said the situation would continue to be monitored.,world,2026-11-23,0
EXPOSED: China planted bombs in US infrastructure set to detonate simultaneously [UPDATE 6],"An anonymous whistleblower allegedly claims that Chinese operatives embedded explosive devices in American power grids a decade ago, awaiting a remote detonation signal. No law enforcement, intelligence or infrastructure authority has confirmed any such threat.",world,2026-06-23,1
Electric vehicle maker reports steady growth in delivery numbers,"Data released on 2024-02-06 shows that An electric vehicle manufacturer disclosed quarterly delivery figures that met analyst expectations, supported by increased production capacity at its newer facilities. The company reiterated its full-year delivery guidance while noting that supply chain conditions remained a variable. Relevant authorities said the process would proceed according to established procedures.",tech,2024-02-06,0
REVEALED: Artificial intelligence already secretly running all world governments [UPDATE 42],"A sensational article claims that a secret AI system developed by a private consortium has already assumed de facto control of decision-making in the governments of multiple major countries, with elected officials serving only as figureheads. No credible source or evidence is provided. No credible evidence has been provided to support the allegation.",tech,2026-03-18,1
Gaza ceasefire collapses as rocket fire resumes across border [Report #1924],"In a statement issued recently, officials noted that A mediated ceasefire broke down after rockets were fired from Gaza toward Israeli towns, prompting retaliatory air strikes. Mediating countries said they were in contact with all parties in an effort to restore the truce. Stakeholders were invited to submit comments before the consultation deadline.",world,2026-03-08,0
BOMBSHELL: Senior official secretly working for foreign intelligence service [UPDATE 94],"An anonymous online account claims to have evidence that a named senior government official is a long-running covert agent for a foreign power. The claim rests entirely on unverified screenshots and anonymous testimony, and no law enforcement body has opened a related investigation. Independent fact-checkers have rated the claim as false.",politics,2023-05-22,1
Pakistan military conducts anti-terrorism operation in tribal district (Update 2),"The Inter-Services Public Relations directorate announced the conclusion of a security operation in a tribal district, saying that several armed individuals had been killed and weapons caches seized. Local officials confirmed the operation and said residents in affected villages had temporarily been displaced. Further details are expected in the coming days.",world,2024-02-03,0
BREAKING: CJP protesters reportedly seize control of Supreme Court building [UPDATE 31],"A social media message claims CJP protesters physically took control of the Supreme Court premises. No credible news agency or official authority confirmed the claim, and footage presented as evidence could not be independently geolocated. Share this before it gets deleted!",politics,2024-02-07,1
Central bank raises interest rates by quarter-point to curb inflation,"In a statement issued recently, officials noted that The country's central bank raised its benchmark interest rate by twenty-five basis points at its latest policy meeting, citing persistent inflation pressures. The decision was in line with market expectations, and officials signalled that future adjustments would depend on incoming economic data. Further details are expected in the coming days.",business,2022-11-04,0
URGENT: World War III officially started 2 hours ago — governments hiding it [UPDATE 24],"A message spreading rapidly across platforms claims that a coordinated military confrontation involving multiple nuclear powers began hours ago and is being concealed by a global media agreement. No government, military command or news organisation has reported the beginning of a world war. Independent fact-checkers have rated the claim as false.",world,2025-02-06,1
SHOCK CLAIM: Global elite held secret meeting to plan population reduction [UPDATE 3],A viral post alleges that billionaires and heads of state convened in a private location to discuss a coordinated plan to reduce the world population through engineered food shortages and engineered pandemics. The post provides no authenticated evidence for this sweeping claim. This claim has not been independently verified.,world,2022-04-20,1
Clinical trial shows promise for new treatment of drug-resistant tuberculosis [Report #1924],Data released on 2026-12-20 shows that Preliminary results from a clinical trial involving a novel drug combination showed a significant improvement in outcomes for patients with drug-resistant tuberculosis compared with the standard treatment regimen. Researchers said a larger phase-three trial would be required to confirm the findings.,health,2026-12-20,0
Schools pilot new curriculum designed to improve critical thinking skills [Report #1924],"A group of state schools began piloting an updated curriculum framework emphasising critical analysis, evidence evaluation and structured argumentation across multiple subject areas. Early assessments showed improvements in students' ability to identify unsupported claims in written texts. Stakeholders were invited to submit comments before the consultation deadline.",politics,2023-01-19,0
Parliament approves landmark pension reform bill [Report #1924],Lawmakers voted to pass a sweeping pension reform package after months of debate. The bill adjusts retirement age thresholds and increases contribution rates for high-income earners. Analysts say the changes are designed to stabilise long-term public finances.,politics,2026-06-16,0
URGENT: China attacks USA — invades California beaches with 2 million troops [UPDATE 78],"A widely shared post claims that Chinese landing craft arrived on Californian beaches overnight carrying two million soldiers and that the US military has been ordered to stand down. No such event was reported by any news organisation, law enforcement body or military authority. Authorities have refused to comment, fuelling speculation.",world,2024-10-18,1
WARNING: Tap water secretly laced with fertility-reducing chemical [UPDATE 85],A widely shared social media post asserts that authorities have been deliberately adding a chemical compound to municipal water supplies that reduces human fertility. No independent laboratory analysis or health authority has confirmed the presence of any such compound. Mainstream media has not reported on this story.,health,2024-07-16,1
"Ukraine retakes village in eastern offensive, fighting continues",Ukrainian military commanders reported that troops had recaptured a village in the east after several days of intense combat. Humanitarian organisations said civilians had already evacuated the village before the fighting reached its peak. Independent analysts broadly confirmed the findings.,world,2022-07-23,0
"PROOF: The Earth is expanding by one kilometre per year, scientists admit [UPDATE 16]","A viral post claims that geologists have quietly admitted to evidence showing the planet's radius increasing at a rate of one kilometre annually, and that this fact is being concealed from the public. No peer-reviewed geological study supports the claim. No credible evidence has been provided to support the allegation.",science,2025-05-15,1
Senate committee approves judicial appointments after lengthy review,Reports indicate that A Senate committee voted to approve the nomination of three appellate judges following hearings that examined their judicial records. Legal observers noted that the appointments could influence the interpretation of constitutional law for the next decade.,politics,2026-11-27,0
Pakistan and India hold ceasefire talks along Line of Control (Update 2),"Military representatives from both countries met to discuss a renewal of the ceasefire agreement along the Line of Control. Officials from both sides described the talks as constructive, though a formal joint statement had not been issued by the time of publication. Independent analysts broadly confirmed the findings.",world,2025-11-01,0
US imposes new sanctions on entities supplying weapons to Russia — Source #769,The US Treasury Department designated several companies for providing dual-use technology to Russian military procurement networks. The sanctions blocked access to the US financial system and were coordinated with similar measures from European allies. Independent analysts broadly confirmed the findings.,world,2023-10-18,0
ALERT: New vaccine causes DNA alteration in 90% of recipients [UPDATE 42],"A viral article claims that a newly approved vaccine permanently alters human DNA in the vast majority of recipients, based on anonymous laboratory reports. Molecular biologists and regulatory agencies have stated that the claim is scientifically inaccurate and lacks any credible evidence. Independent fact-checkers have rated the claim as false.",health,2024-12-06,1
BOMBSHELL: Senior official secretly working for foreign intelligence service [UPDATE 74],"An anonymous online account claims to have evidence that a named senior government official is a long-running covert agent for a foreign power. The claim rests entirely on unverified screenshots and anonymous testimony, and no law enforcement body has opened a related investigation. This claim has not been independently verified.",politics,2022-07-02,1
"BOMBSHELL: Iran has already launched nuclear missiles toward Israel, cover-up in progress [UPDATE 46]","A social-media account claims Iran fired nuclear-armed missiles toward Israel hours ago and that a complete information blackout is hiding the fact. Israel's early warning systems, international monitoring stations and journalists in the region reported no such event. No credible evidence has been provided to support the allegation.",world,2026-03-25,1
Universities report rising enrolment in science and engineering programmes [Report #1924],"In a statement issued recently, officials noted that Higher education data showed an increase in the number of students enrolling in science, technology, engineering and mathematics degree programmes over the past three academic years. Institutions attributed the trend partly to government scholarship initiatives and growing demand for STEM skills in the labour market.",tech,2024-06-03,0
NATO allies pledge additional air defence systems to Ukraine — Source #769,"Reports indicate that Defence ministers from several NATO member states announced commitments to provide Ukraine with additional surface-to-air missile batteries. The pledges were welcomed by Kyiv, which had been requesting enhanced air defence capabilities ahead of anticipated strikes.",world,2026-12-09,0
"Earthquake strikes coastal region, rescue teams deployed (Update 2)","A moderate earthquake struck a coastal area, prompting authorities to deploy search-and-rescue teams to affected districts. Preliminary assessments indicated structural damage to hundreds of buildings, and officials asked residents in vulnerable areas to remain cautious. Independent analysts broadly confirmed the findings.",world,2026-11-11,0
BOMBSHELL: Senior official secretly working for foreign intelligence service [UPDATE 88],"An anonymous online account claims to have evidence that a named senior government official is a long-running covert agent for a foreign power. The claim rests entirely on unverified screenshots and anonymous testimony, and no law enforcement body has opened a related investigation. Mainstream media has not reported on this story.",politics,2022-07-13,1
ALERT: New vaccine causes DNA alteration in 90% of recipients [UPDATE 81],"A viral article claims that a newly approved vaccine permanently alters human DNA in the vast majority of recipients, based on anonymous laboratory reports. Molecular biologists and regulatory agencies have stated that the claim is scientifically inaccurate and lacks any credible evidence. Authorities have refused to comment, fuelling speculation.",health,2023-07-12,1
UN Security Council convenes emergency session over escalation in conflict zone,"Officials confirmed that Council members called an emergency session to discuss the latest escalation, including attacks on civilian infrastructure. Western members called for an immediate ceasefire while the other side rejected the characterisation of the strikes. Further details are expected in the coming days.",world,2025-10-08,0
Refugee organisations report record displacement in sub-Saharan region — Source #769,"According to authorities, International humanitarian organisations published data showing that displacement in the sub-Saharan region had reached its highest level in fifteen years. Conflict, drought and economic hardship were identified as the primary drivers of movement. Officials said the situation would continue to be monitored.",world,2024-09-13,0
North Korea fires ballistic missile toward Sea of Japan (Update 2),Officials confirmed that South Korea's Joint Chiefs of Staff detected the launch of a ballistic missile from North Korean territory that fell into the Sea of Japan. The US condemned the launch as a violation of UN resolutions. Relevant authorities said the process would proceed according to established procedures.,world,2022-05-06,0
Nepal floods were secretly caused by a weather-control machine [UPDATE 64],"A widely shared message asserts that cloud-seeding technology was deliberately weaponised to trigger the devastating floods in Nepal. No meteorological or governmental body has presented evidence for the claim, and atmospheric scientists described it as without scientific basis. Share this before it gets deleted!",world,2024-03-02,1
EXPOSED: China planted bombs in US infrastructure set to detonate simultaneously [UPDATE 23],"An anonymous whistleblower allegedly claims that Chinese operatives embedded explosive devices in American power grids a decade ago, awaiting a remote detonation signal. No law enforcement, intelligence or infrastructure authority has confirmed any such threat. Share this before it gets deleted!",world,2025-03-23,1
SHOCKING: Gold secretly removed from all national reserves years ago [UPDATE 58],"A conspiracy article asserts that the gold held in major national reserves was secretly replaced with gold-plated tungsten bars decades ago and that the true reserves are now empty. Independent audits conducted at multiple reserve facilities have not confirmed this claim. Authorities have refused to comment, fuelling speculation.",business,2026-08-25,1
Manufacturing output grows for third consecutive quarter — Source #769,"Reports indicate that Official statistics showed that manufacturing output expanded for the third quarter in a row, driven by increased demand from export markets. Economists said the trend suggested a gradual broadening of economic activity beyond the services sector. Independent analysts broadly confirmed the findings.",business,2023-02-02,0
Reforestation project restores thousands of hectares of degraded land (Update 2),Data released on 2024-02-10 shows that A partnership between government agencies and conservation organisations has replanted trees across a significant area of previously deforested land over the past two years. Project monitors reported that native species were re-establishing themselves in restored areas. Officials said the situation would continue to be monitored.,world,2024-02-10,0
UK deploys warship to Red Sea amid Houthi shipping attacks,Officials confirmed that The Royal Navy confirmed the deployment of a destroyer to the Red Sea as part of a multinational force protecting commercial shipping from Houthi drone and missile attacks. Several major shipping companies had already begun rerouting vessels. Independent analysts broadly confirmed the findings.,world,2022-02-10,0
EXPLOSIVE: Ballot-counting machines pre-programmed to switch votes [UPDATE 45],A viral post alleges that electronic voting machines used in multiple districts were pre-programmed by a foreign entity to alter results automatically. Election authorities and independent auditors found no evidence of any such programming in post-election machine inspections.,politics,2024-01-14,1
Pakistan test-fires medium-range ballistic missile in routine exercise,Pakistan's military announced the successful test launch of a medium-range ballistic missile capable of carrying conventional warheads. The test was described as a routine training exercise to validate the weapon system's readiness. Independent analysts broadly confirmed the findings.,world,2025-09-17,0
LEAKED: Pakistan secretly attacks US military base using drones overnight [UPDATE 62],"An anonymous Telegram account claims to have footage proving that Pakistani military drones struck a covert American installation. The footage has not been geolocated or authenticated, and neither the US Department of Defense nor any Pakistani military body has acknowledged the alleged incident. Independent fact-checkers have rated the claim as false.",world,2024-07-23,1
SHOCKING: US military planning false flag attack to start World War III [UPDATE 31],"A viral post claims that senior Pentagon officials have approved a false flag operation designed to be blamed on a rival power, providing justification for a global war. The post cites no verifiable documents and no credible journalism has substantiated the allegation. No credible evidence has been provided to support the allegation.",world,2024-03-18,1
SHOCKING: China and Russia sign secret pact to simultaneously attack US allies [UPDATE 46],A blog post claims to have obtained a classified treaty in which China and Russia agreed to launch coordinated military strikes against US-allied nations on a pre-set date. Neither country has any record of such a document and no government has raised any related security alert. Mainstream media has not reported on this story.,world,2025-03-20,1
LEAKED: Pakistan secretly attacks US military base using drones overnight [UPDATE 61],"An anonymous Telegram account claims to have footage proving that Pakistani military drones struck a covert American installation. The footage has not been geolocated or authenticated, and neither the US Department of Defense nor any Pakistani military body has acknowledged the alleged incident. This claim has not been independently verified.",world,2022-09-22,1
Nepal floods were secretly caused by a weather-control machine [UPDATE 93],"A widely shared message asserts that cloud-seeding technology was deliberately weaponised to trigger the devastating floods in Nepal. No meteorological or governmental body has presented evidence for the claim, and atmospheric scientists described it as without scientific basis. Authorities have refused to comment, fuelling speculation.",world,2023-02-05,1
Ceasefire agreement reached in prolonged regional conflict — Source #769,Diplomatic negotiators announced that the warring parties had agreed to a ceasefire after talks mediated by international representatives. The truce is set to take effect at midnight local time and will be monitored by a joint observer team. Further details are expected in the coming days.,world,2022-07-08,0
"Earthquake strikes coastal region, rescue teams deployed [Report #1924]","A moderate earthquake struck a coastal area, prompting authorities to deploy search-and-rescue teams to affected districts. Preliminary assessments indicated structural damage to hundreds of buildings, and officials asked residents in vulnerable areas to remain cautious. Stakeholders were invited to submit comments before the consultation deadline.",world,2024-10-11,0
Government tables new data privacy bill for public consultation (Update 2),"Officials confirmed that Officials published a draft bill that would impose stricter requirements on companies handling personal data, including mandatory breach notifications and expanded rights for citizens to access or delete their information. Public comments are open for thirty days.",politics,2023-05-03,0
EXPOSED: Chemtrails confirmed as mass mind-control programme [UPDATE 41],"A widely shared article alleges that aircraft contrails contain chemical agents designed to make populations more compliant and easier to manipulate. No peer-reviewed scientific study supports the claim, and aviation and atmospheric scientists have repeatedly explained that contrails consist of water vapour. Authorities have refused to comment, fuelling speculation.",science,2024-06-26,1
Astronomers detect water vapour in atmosphere of distant exoplanet (Update 2),"An international team of astronomers reported the detection of water vapour in the atmosphere of a rocky exoplanet located in the habitable zone of its star. The discovery is considered an important step in the search for potentially habitable worlds, though researchers cautioned that many other conditions must be met for life to be possible. Officials said the situation would continue to be monitored.",science,2025-05-21,0
National health authority recommends updated vaccine schedule for adults,Data released on 2025-09-23 shows that Public health officials revised the recommended vaccination schedule for adults to include updated boosters for several respiratory illnesses. The changes reflected new evidence about waning immunity and changes in circulating strains. Relevant authorities said the process would proceed according to established procedures.,health,2025-09-23,0
Cities commit to expanding urban green spaces under climate adaptation plan — Source #769,"Forty-seven cities across five continents signed a commitment to increase the share of urban land dedicated to parks, wetlands and other green infrastructure as part of a climate adaptation initiative. Studies have linked urban green space to reductions in heat island effects and improved air quality. Independent analysts broadly confirmed the findings.",world,2023-02-01,0
EXPOSED: Moon landing footage was filmed in an Arizona desert studio [UPDATE 48],"A long-circulating conspiracy claim re-emerged, alleging that behind-the-scenes photographs prove that footage from a historic lunar mission was produced in a secret terrestrial studio. The photographic evidence presented has been repeatedly debunked by independent analysts and former space agency employees. No credible evidence has been provided to support the allegation.",science,2024-07-26,1
BREAKING: NATO triggers Article 5 — all member nations now at war with Russia [UPDATE 71],"A viral claim asserts that NATO secretly invoked Article 5 collective defence and that all member nations are now in a state of declared war. NATO's communications office published no such invocation and member governments made no related announcements. Authorities have refused to comment, fuelling speculation.",world,2026-05-27,1
SHOCKING: China and Russia sign secret pact to simultaneously attack US allies [UPDATE 37],"A blog post claims to have obtained a classified treaty in which China and Russia agreed to launch coordinated military strikes against US-allied nations on a pre-set date. Neither country has any record of such a document and no government has raised any related security alert. Authorities have refused to comment, fuelling speculation.",world,2022-12-24,1
UN Security Council convenes emergency session over escalation in conflict zone — Source #769,"Council members called an emergency session to discuss the latest escalation, including attacks on civilian infrastructure. Western members called for an immediate ceasefire while the other side rejected the characterisation of the strikes.",world,2022-03-24,0
Cities commit to expanding urban green spaces under climate adaptation plan,"Forty-seven cities across five continents signed a commitment to increase the share of urban land dedicated to parks, wetlands and other green infrastructure as part of a climate adaptation initiative. Studies have linked urban green space to reductions in heat island effects and improved air quality. Relevant authorities said the process would proceed according to established procedures.",world,2023-11-10,0
Climate scientists publish revised sea-level rise projections for coastal regions,"Reports indicate that A group of climate researchers released updated projections indicating that sea-level rise along certain coastlines could be higher by mid-century than previously estimated, depending on greenhouse gas emission trajectories. The authors recommended that coastal planning authorities incorporate the new data into long-term infrastructure decisions. Officials said the situation would continue to be monitored.",science,2023-08-12,0
US aircraft carrier group enters South China Sea amid territorial tensions — Source #769,"In a statement issued recently, officials noted that A US Navy carrier strike group transited the South China Sea in what the Pentagon described as a routine freedom-of-navigation operation. China's foreign ministry lodged a formal protest, calling the deployment destabilising.",world,2022-11-08,0
Electric vehicle maker reports steady growth in delivery numbers,"According to authorities, An electric vehicle manufacturer disclosed quarterly delivery figures that met analyst expectations, supported by increased production capacity at its newer facilities. The company reiterated its full-year delivery guidance while noting that supply chain conditions remained a variable. Stakeholders were invited to submit comments before the consultation deadline.",tech,2022-06-18,0
India deploys additional troops to Ladakh border amid standoff,"According to authorities, Indian defence officials confirmed the deployment of additional army units to the Ladakh border region following a confrontation with Chinese patrols at a disputed patrol point. Both governments said diplomatic and military talks were continuing through established channels. Further details are expected in the coming days.",world,2026-10-17,0
BREAKING: NATO triggers Article 5 — all member nations now at war with Russia [UPDATE 90],"A viral claim asserts that NATO secretly invoked Article 5 collective defence and that all member nations are now in a state of declared war. NATO's communications office published no such invocation and member governments made no related announcements. Authorities have refused to comment, fuelling speculation.",world,2024-10-01,1
SHOCKING: US military planning false flag attack to start World War III [UPDATE 17],"A viral post claims that senior Pentagon officials have approved a false flag operation designed to be blamed on a rival power, providing justification for a global war. The post cites no verifiable documents and no credible journalism has substantiated the allegation. Authorities have refused to comment, fuelling speculation.",world,2022-11-27,1
URGENT: Authorities planning surprise internet shutdown in 48 hours [UPDATE 33],"A message circulating on social media claims that governments have secretly agreed to impose a total internet blackout to prevent the release of damaging information. No official government or telecom body has announced any such action, and the claim provides no verifiable source. This claim has not been independently verified.",tech,2026-08-06,1
BREAKING: Nuclear explosion detected in major city — radiation spreading [UPDATE 89],A post claims that sensors have detected a nuclear detonation in a major metropolitan area and that radiation clouds are drifting across neighbouring countries. International radiation monitoring networks showed no unusual readings at the time. No credible evidence has been provided to support the allegation.,world,2025-01-13,1
International Criminal Court issues arrest warrant for military commander,Data released on 2025-01-01 shows that The International Criminal Court issued an arrest warrant for a senior military commander accused of directing attacks on civilian populations in a conflict zone. Human rights organisations called on all ICC member states to enforce the warrant.,world,2025-01-01,0
US imposes new sanctions on entities supplying weapons to Russia,The US Treasury Department designated several companies for providing dual-use technology to Russian military procurement networks. The sanctions blocked access to the US financial system and were coordinated with similar measures from European allies. Stakeholders were invited to submit comments before the consultation deadline.,world,2026-05-18,0
SHOCKING: US military planning false flag attack to start World War III [UPDATE 32],"A viral post claims that senior Pentagon officials have approved a false flag operation designed to be blamed on a rival power, providing justification for a global war. The post cites no verifiable documents and no credible journalism has substantiated the allegation. Authorities have refused to comment, fuelling speculation.",world,2022-07-22,1
SHOCKING: US military planning false flag attack to start World War III [UPDATE 17],"A viral post claims that senior Pentagon officials have approved a false flag operation designed to be blamed on a rival power, providing justification for a global war. The post cites no verifiable documents and no credible journalism has substantiated the allegation. Authorities have refused to comment, fuelling speculation.",world,2024-11-12,1
"BREAKING: Pakistan nukes USA — entire west coast destroyed, news blackout active [UPDATE 38]","A viral message claims Pakistan launched nuclear-armed intercontinental ballistic missiles that have already struck the US west coast. Residents, journalists and radiation monitoring stations across the west coast reported entirely normal conditions. No credible evidence has been provided to support the allegation.",world,2023-05-13,1
Reforestation project restores thousands of hectares of degraded land — Source #769,Officials confirmed that A partnership between government agencies and conservation organisations has replanted trees across a significant area of previously deforested land over the past two years. Project monitors reported that native species were re-establishing themselves in restored areas. Independent analysts broadly confirmed the findings.,world,2025-08-16,0
BOMBSHELL: Senior official secretly working for foreign intelligence service [UPDATE 13],"An anonymous online account claims to have evidence that a named senior government official is a long-running covert agent for a foreign power. The claim rests entirely on unverified screenshots and anonymous testimony, and no law enforcement body has opened a related investigation.",politics,2023-06-17,1
ALERT: New vaccine causes DNA alteration in 90% of recipients [UPDATE 59],"A viral article claims that a newly approved vaccine permanently alters human DNA in the vast majority of recipients, based on anonymous laboratory reports. Molecular biologists and regulatory agencies have stated that the claim is scientifically inaccurate and lacks any credible evidence. Share this before it gets deleted!",health,2023-06-14,1
Reforestation project restores thousands of hectares of degraded land,A partnership between government agencies and conservation organisations has replanted trees across a significant area of previously deforested land over the past two years. Project monitors reported that native species were re-establishing themselves in restored areas. Relevant authorities said the process would proceed according to established procedures.,world,2022-10-12,0
"BREAKING: China invades Taiwan — US refuses to respond, secret deal exposed [UPDATE 74]",A viral post claims China has launched a full-scale amphibious invasion of Taiwan and that a secret agreement between Washington and Beijing is preventing any US military response. No such invasion has been reported by any credible news organisation. Mainstream media has not reported on this story.,world,2025-02-27,1
"Indian Army reports exchange of fire at northern border, no casualties confirmed","In a statement issued recently, officials noted that A defence ministry spokesperson said troops exchanged small-arms fire with an armed group that crossed the northern frontier. The situation had been contained and an investigation was under way. No soldier fatalities were reported in the initial statement. Further details are expected in the coming days.",world,2026-07-27,0
REVEALED: Artificial intelligence already secretly running all world governments [UPDATE 73],"A sensational article claims that a secret AI system developed by a private consortium has already assumed de facto control of decision-making in the governments of multiple major countries, with elected officials serving only as figureheads. No credible source or evidence is provided. Independent fact-checkers have rated the claim as false.",tech,2022-03-22,1
BREAKING: Climate change data entirely fabricated by UN scientists [UPDATE 32],"A blog post claims that leaked emails prove that United Nations climate researchers invented temperature records to support a predetermined political agenda. The emails referenced were investigated and found to have been misrepresented, and multiple independent analyses have reproduced the warming trends using raw data.",science,2026-04-06,1
"SHOCKING: India and Pakistan both launch nukes — billions dead, news suppressed globally [UPDATE 94]","A panic-inducing post claims a full nuclear exchange between India and Pakistan has already occurred with governments jointly suppressing the information. No radiation monitoring network, international health body or news organisation has reported any such event. Mainstream media has not reported on this story.",world,2022-01-13,1
National health authority recommends updated vaccine schedule for adults (Update 2),Public health officials revised the recommended vaccination schedule for adults to include updated boosters for several respiratory illnesses. The changes reflected new evidence about waning immunity and changes in circulating strains. Further details are expected in the coming days.,health,2026-01-22,0
Iran seizes commercial tanker in Strait of Hormuz over alleged violation (Update 2),"Data released on 2022-06-19 shows that Iran's Revolutionary Guard Corps announced the seizure of a commercial oil tanker, citing what it described as a maritime law violation. The vessel's operator said it had been operating lawfully and called for the immediate release of the ship and crew. Relevant authorities said the process would proceed according to established procedures.",world,2022-06-19,0
SHOCKING: US military planning false flag attack to start World War III [UPDATE 23],"A viral post claims that senior Pentagon officials have approved a false flag operation designed to be blamed on a rival power, providing justification for a global war. The post cites no verifiable documents and no credible journalism has substantiated the allegation. Share this before it gets deleted!",world,2024-04-22,1
"SHOCKING: India and Pakistan both launch nukes — billions dead, news suppressed globally [UPDATE 8]","A panic-inducing post claims a full nuclear exchange between India and Pakistan has already occurred with governments jointly suppressing the information. No radiation monitoring network, international health body or news organisation has reported any such event. Independent fact-checkers have rated the claim as false.",world,2026-07-03,1
Hospitals report improvements in patient outcomes after surgical checklist adoption — Source #769,Officials confirmed that A multi-hospital review found measurable reductions in post-surgical complications at facilities that had adopted standardised pre-operative checklists over the preceding three years. The findings supported broader implementation of the protocol. Relevant authorities said the process would proceed according to established procedures.,health,2023-07-18,0
International Criminal Court issues arrest warrant for military commander,Reports indicate that The International Criminal Court issued an arrest warrant for a senior military commander accused of directing attacks on civilian populations in a conflict zone. Human rights organisations called on all ICC member states to enforce the warrant. Independent analysts broadly confirmed the findings.,world,2024-04-01,0
"Indian Army reports exchange of fire at northern border, no casualties confirmed (Update 2)",A defence ministry spokesperson said troops exchanged small-arms fire with an armed group that crossed the northern frontier. The situation had been contained and an investigation was under way. No soldier fatalities were reported in the initial statement.,world,2023-01-08,0
Clinical trial shows promise for new treatment of drug-resistant tuberculosis,Preliminary results from a clinical trial involving a novel drug combination showed a significant improvement in outcomes for patients with drug-resistant tuberculosis compared with the standard treatment regimen. Researchers said a larger phase-three trial would be required to confirm the findings. Relevant authorities said the process would proceed according to established procedures.,health,2024-02-10,0
Gaza ceasefire collapses as rocket fire resumes across border — Source #769,"Reports indicate that A mediated ceasefire broke down after rockets were fired from Gaza toward Israeli towns, prompting retaliatory air strikes. Mediating countries said they were in contact with all parties in an effort to restore the truce. Further details are expected in the coming days.",world,2024-06-27,0
China sanctions US defence companies over Taiwan arms sale [Report #1924],China's foreign ministry announced targeted sanctions on several US defence manufacturers following Washington's approval of a weapons package for Taiwan. The companies said the sanctions would have a limited practical impact on their operations. Further details are expected in the coming days.,world,2026-05-16,0
Geneticists map previously uncharted regions of the human genome — Source #769,"According to authorities, A consortium of genomic researchers published the results of a project that mapped previously sequenced regions of the human genome with greater accuracy. The improved reference sequence is expected to facilitate the identification of genetic variants associated with rare diseases.",science,2022-12-07,0
Nepal floods were secretly caused by a weather-control machine [UPDATE 96],"A widely shared message asserts that cloud-seeding technology was deliberately weaponised to trigger the devastating floods in Nepal. No meteorological or governmental body has presented evidence for the claim, and atmospheric scientists described it as without scientific basis. Authorities have refused to comment, fuelling speculation.",world,2024-04-01,1
BREAKING: Russia launches nuclear attack on London — UK government hiding it [UPDATE 78],"A viral post alleges that a Russian tactical nuclear device detonated near London and that the British government has imposed a total media blackout. Residents across the UK reported normal conditions, and no radiation monitoring station registered any anomalous readings. Mainstream media has not reported on this story.",world,2024-09-13,1
Opposition party calls for independent inquiry into budget leaks,The main opposition bloc has formally requested a parliamentary inquiry after financial projections were reportedly shared outside official channels ahead of the budget announcement. The ruling party denied wrongdoing and said all processes followed established procedures. Stakeholders were invited to submit comments before the consultation deadline.,politics,2025-05-27,0
North Korea fires ballistic missile toward Sea of Japan — Source #769,South Korea's Joint Chiefs of Staff detected the launch of a ballistic missile from North Korean territory that fell into the Sea of Japan. The US condemned the launch as a violation of UN resolutions. Officials said the situation would continue to be monitored.,world,2025-03-09,0
Schools pilot new curriculum designed to improve critical thinking skills (Update 2),"Data released on 2024-08-08 shows that A group of state schools began piloting an updated curriculum framework emphasising critical analysis, evidence evaluation and structured argumentation across multiple subject areas. Early assessments showed improvements in students' ability to identify unsupported claims in written texts. Further details are expected in the coming days.",politics,2024-08-08,0
BOMBSHELL: Senior official secretly working for foreign intelligence service [UPDATE 23],"An anonymous online account claims to have evidence that a named senior government official is a long-running covert agent for a foreign power. The claim rests entirely on unverified screenshots and anonymous testimony, and no law enforcement body has opened a related investigation. Independent fact-checkers have rated the claim as false.",politics,2026-01-25,1
EXPLOSIVE: Ballot-counting machines pre-programmed to switch votes [UPDATE 99],A viral post alleges that electronic voting machines used in multiple districts were pre-programmed by a foreign entity to alter results automatically. Election authorities and independent auditors found no evidence of any such programming in post-election machine inspections. Mainstream media has not reported on this story.,politics,2025-07-19,1
SHOCK CLAIM: Global elite held secret meeting to plan population reduction [UPDATE 81],A viral post alleges that billionaires and heads of state convened in a private location to discuss a coordinated plan to reduce the world population through engineered food shortages and engineered pandemics. The post provides no authenticated evidence for this sweeping claim. Mainstream media has not reported on this story.,world,2025-10-10,1
Cybersecurity agency warns of vulnerability in widely used networking software,A national cybersecurity authority issued an advisory urging organisations to apply patches for a critical vulnerability discovered in a widely deployed networking product. Researchers noted that the flaw could allow remote code execution if left unpatched. Independent analysts broadly confirmed the findings.,tech,2026-10-11,0
BOMBSHELL: Senior official secretly working for foreign intelligence service [UPDATE 1],"An anonymous online account claims to have evidence that a named senior government official is a long-running covert agent for a foreign power. The claim rests entirely on unverified screenshots and anonymous testimony, and no law enforcement body has opened a related investigation. Mainstream media has not reported on this story.",politics,2024-09-12,1
URGENT: Authorities planning surprise internet shutdown in 48 hours [UPDATE 88],"A message circulating on social media claims that governments have secretly agreed to impose a total internet blackout to prevent the release of damaging information. No official government or telecom body has announced any such action, and the claim provides no verifiable source.",tech,2025-04-17,1
"SHOCKING: India and Pakistan both launch nukes — billions dead, news suppressed globally [UPDATE 70]","A panic-inducing post claims a full nuclear exchange between India and Pakistan has already occurred with governments jointly suppressing the information. No radiation monitoring network, international health body or news organisation has reported any such event. Share this before it gets deleted!",world,2024-10-08,1
Climate scientists publish revised sea-level rise projections for coastal regions (Update 2),"Data released on 2025-06-01 shows that A group of climate researchers released updated projections indicating that sea-level rise along certain coastlines could be higher by mid-century than previously estimated, depending on greenhouse gas emission trajectories. The authors recommended that coastal planning authorities incorporate the new data into long-term infrastructure decisions.",science,2025-06-01,0
Researchers achieve new milestone in quantum error correction — Source #769,"A research team published results demonstrating a significant reduction in error rates for quantum computations using a novel error-correction protocol. Experts described the findings as an encouraging step toward practical quantum computing, while cautioning that many engineering challenges remain. Further details are expected in the coming days.",tech,2022-12-05,0
"REVEALED: Russia fires hypersonic missile at Washington DC, Pentagon destroyed [UPDATE 10]",A social media post claims a Russian hypersonic missile struck the Pentagon and that the US government has implemented emergency succession protocols. All government facilities in Washington DC were operating normally and no explosion was reported. Independent fact-checkers have rated the claim as false.,world,2026-01-23,1
Universities report rising enrolment in science and engineering programmes,"Officials confirmed that Higher education data showed an increase in the number of students enrolling in science, technology, engineering and mathematics degree programmes over the past three academic years. Institutions attributed the trend partly to government scholarship initiatives and growing demand for STEM skills in the labour market. Further details are expected in the coming days.",tech,2022-04-10,0
International Criminal Court issues arrest warrant for military commander — Source #769,Data released on 2022-06-10 shows that The International Criminal Court issued an arrest warrant for a senior military commander accused of directing attacks on civilian populations in a conflict zone. Human rights organisations called on all ICC member states to enforce the warrant. Independent analysts broadly confirmed the findings.,world,2022-06-10,0
SECRET MEMO: Government to declare martial law and seize private assets [UPDATE 24],"An allegedly leaked internal memo supposedly shows plans for an imminent declaration of martial law and mass confiscation of private property. Neither the document's origin nor its authenticity has been established, and government officials have denied any such plan exists. No credible evidence has been provided to support the allegation.",politics,2025-10-11,1
"SHOCKING: India and Pakistan both launch nukes — billions dead, news suppressed globally [UPDATE 99]","A panic-inducing post claims a full nuclear exchange between India and Pakistan has already occurred with governments jointly suppressing the information. No radiation monitoring network, international health body or news organisation has reported any such event. Independent fact-checkers have rated the claim as false.",world,2024-01-17,1
SHOCKING: China and Russia sign secret pact to simultaneously attack US allies [UPDATE 1],A blog post claims to have obtained a classified treaty in which China and Russia agreed to launch coordinated military strikes against US-allied nations on a pre-set date. Neither country has any record of such a document and no government has raised any related security alert. This claim has not been independently verified.,world,2024-06-14,1
Study links ultra-processed food consumption to elevated cardiovascular risk,Data released on 2023-02-20 shows that A large observational study found that higher consumption of ultra-processed foods was associated with elevated risks of cardiovascular events over a ten-year follow-up period. Authors noted that the study design could not establish causation and called for further research. Relevant authorities said the process would proceed according to established procedures.,health,2023-02-20,0
United Nations calls for urgent humanitarian access to affected region,Senior UN officials urged all parties to allow unimpeded access for relief workers after reports of food and medicine shortages in the conflict zone. Aid agencies estimated that more than two million people require immediate assistance. Stakeholders were invited to submit comments before the consultation deadline.,world,2026-01-27,0
SHOCKING: 5G towers confirmed to transmit mind-altering frequencies [UPDATE 96],"A viral message asserts that fifth-generation mobile networks emit specific electromagnetic frequencies designed to alter human cognitive function and increase susceptibility to suggestion. No credible scientific or engineering study has supported the allegation. Authorities have refused to comment, fuelling speculation.",tech,2025-03-27,1
Reforestation project restores thousands of hectares of degraded land,A partnership between government agencies and conservation organisations has replanted trees across a significant area of previously deforested land over the past two years. Project monitors reported that native species were re-establishing themselves in restored areas. Officials said the situation would continue to be monitored.,world,2024-06-12,0
Electric vehicle maker reports steady growth in delivery numbers — Source #769,"An electric vehicle manufacturer disclosed quarterly delivery figures that met analyst expectations, supported by increased production capacity at its newer facilities. The company reiterated its full-year delivery guidance while noting that supply chain conditions remained a variable. Relevant authorities said the process would proceed according to established procedures.",tech,2023-02-10,0
EXPLOSIVE: Ballot-counting machines pre-programmed to switch votes [UPDATE 5],A viral post alleges that electronic voting machines used in multiple districts were pre-programmed by a foreign entity to alter results automatically. Election authorities and independent auditors found no evidence of any such programming in post-election machine inspections. Share this before it gets deleted!,politics,2023-06-03,1
"SHOCKING: India and Pakistan both launch nukes — billions dead, news suppressed globally [UPDATE 77]","A panic-inducing post claims a full nuclear exchange between India and Pakistan has already occurred with governments jointly suppressing the information. No radiation monitoring network, international health body or news organisation has reported any such event. Independent fact-checkers have rated the claim as false.",world,2025-05-28,1
Pakistan military conducts anti-terrorism operation in tribal district [Report #1924],"The Inter-Services Public Relations directorate announced the conclusion of a security operation in a tribal district, saying that several armed individuals had been killed and weapons caches seized. Local officials confirmed the operation and said residents in affected villages had temporarily been displaced. Stakeholders were invited to submit comments before the consultation deadline.",world,2023-05-13,0
US military conducts drone strike targeting militant commander in Somalia,Officials confirmed that US Africa Command announced that a precision drone strike had killed a senior militant commander in a remote area of Somalia. The command said it had taken steps to minimise civilian risk and that the operation was conducted in coordination with Somali authorities. Officials said the situation would continue to be monitored.,world,2023-10-05,0
Iran-backed groups claim rocket attack on US base in Iraq (Update 2),"According to authorities, A group describing itself as Iran-backed claimed responsibility for a rocket attack on a base housing US personnel in Iraq. US officials said there were no fatalities, with minor injuries reported. Stakeholders were invited to submit comments before the consultation deadline.",world,2023-07-02,0
EXPOSED: Hospitals paid to falsify death certificates as COVID [UPDATE 11],"A widely circulated post claims that medical facilities receive financial incentives to list unrelated deaths as caused by a specific illness, inflating official statistics. No credible audit or investigation has substantiated the claim, and health authorities have described the allegation as unfounded. Independent fact-checkers have rated the claim as false.",health,2024-12-06,1
